"","region","year","input","total_energy","share","Ref","1p5","1p5 delay"
"1","China",2015,"biomass",18.0002519,0,0,0,0
"2","China",2015,"coal",18.0002519,88.278457980913,15.89034481,15.89034481,15.89034481
"3","China",2015,"electricity",18.0002519,10.6631718859446,1.9193978,1.9193978,1.9193978
"4","China",2015,"gas",18.0002519,0.835008314522532,0.1503036,0.1503036,0.1503036
"5","China",2015,"hydrogen",18.0002519,0,0,0,0
"6","China",2015,"refined liquids",18.0002519,0.223361818619883,0.04020569,0.04020569,0.04020569
"7","China",2020,"biomass",23.45274774414,0.0321216092979226,NA,0.0075334,NA
"8","China",2020,"biomass",23.4527729703,0.0321185473868664,NA,NA,0.00753269
"9","China",2020,"biomass",23.66801165666,0.036169662767557,0.00856064,NA,NA
"10","China",2020,"coal",23.45274774414,85.727314659851,NA,20.105410855,NA
"11","China",2020,"coal",23.4527729703,85.727146800342,NA,NA,20.105393113
"12","China",2020,"coal",23.66801165666,88.6392649510827,20.979151561,NA,NA
"13","China",2020,"electricity",23.45274774414,10.9124996095158,NA,2.559281006,NA
"14","China",2020,"electricity",23.4527729703,10.9124923787947,NA,NA,2.559282063
"15","China",2020,"electricity",23.66801165666,10.6519267295129,2.52109926,NA,NA
"16","China",2020,"gas",23.45274774414,2.96873056268627,NA,0.69624889007,NA
"17","China",2020,"gas",23.4527729703,2.96890090793001,NA,NA,0.69628958965
"18","China",2020,"gas",23.66801165666,0.468977723774131,0.11099770233,NA,NA
"19","China",2020,"hydrogen",23.45274774414,0,NA,0,NA
"20","China",2020,"hydrogen",23.4527729703,0,NA,NA,0
"21","China",2020,"hydrogen",23.66801165666,0,0,NA,NA
"22","China",2020,"refined liquids",23.45274774414,0.359333558649037,NA,0.08427359307,NA
"23","China",2020,"refined liquids",23.4527729703,0.359341365546515,NA,NA,0.08427551465
"24","China",2020,"refined liquids",23.66801165666,0.203660932862673,0.04820249333,NA,NA
"25","China",2025,"biomass",19.84280286194,1.57343673760349,NA,0.31221395,NA
"26","China",2025,"biomass",22.58929854874,0.176130790047127,NA,NA,0.03978671
"27","China",2025,"biomass",24.29401298154,0.214335729710717,0.05207075,NA,NA
"28","China",2025,"coal",19.84280286194,80.4646600940881,NA,15.966443876,NA
"29","China",2025,"coal",22.58929854874,84.542241428144,NA,NA,19.097499316
"30","China",2025,"coal",24.29401298154,88.5354995502129,21.508825754,NA,NA
"31","China",2025,"electricity",19.84280286194,12.5635902062087,NA,2.492968437,NA
"32","China",2025,"electricity",22.58929854874,11.5895919979597,NA,NA,2.618007537
"33","China",2025,"electricity",24.29401298154,10.6321945532947,2.582986725,NA,NA
"34","China",2025,"gas",19.84280286194,3.76329371997295,NA,0.74674295397,NA
"35","China",2025,"gas",22.58929854874,2.98233975887479,NA,NA,0.67368963187
"36","China",2025,"gas",24.29401298154,0.401301433172363,0.09749222227,NA,NA
"37","China",2025,"hydrogen",19.84280286194,1.07407462283866,NA,0.21312651,NA
"38","China",2025,"hydrogen",22.58929854874,0.282288756609297,NA,NA,0.06376705
"39","China",2025,"hydrogen",24.29401298154,0.0170182670238201,0.00413442,NA,NA
"40","China",2025,"refined liquids",19.84280286194,0.560944619288112,NA,0.11130713497,NA
"41","China",2025,"refined liquids",22.58929854874,0.42740726836507,NA,NA,0.09654830387
"42","China",2025,"refined liquids",24.29401298154,0.199650466585555,0.04850311027,NA,NA
"43","China",2030,"biomass",15.88624731572,4.46707391554817,NA,0.70965041,NA
"44","China",2030,"biomass",19.99426614482,0.456120566463636,NA,NA,0.09119796
"45","China",2030,"biomass",23.6179746994,0.592377889216531,0.13990766,NA,NA
"46","China",2030,"coal",15.88624731572,64.0435850002936,NA,10.174122303,NA
"47","China",2030,"coal",19.99426614482,79.870219728656,NA,NA,15.969464303
"48","China",2030,"coal",23.6179746994,88.0781204517442,20.802268204,NA,NA
"49","China",2030,"electricity",15.88624731572,18.0606397469393,NA,2.869157897,NA
"50","China",2030,"electricity",19.99426614482,13.2779435652746,NA,NA,2.654827375
"51","China",2030,"electricity",23.6179746994,10.6082675885145,2.5054579551,NA,NA
"52","China",2030,"gas",15.88624731572,5.84714352860936,NA,0.92889168186,NA
"53","China",2030,"gas",19.99426614482,4.59918802845504,NA,NA,0.91957389491
"54","China",2030,"gas",23.6179746994,0.433230857015862,0.1023203542,NA,NA
"55","China",2030,"hydrogen",15.88624731572,6.43340078804306,NA,1.02202596,NA
"56","China",2030,"hydrogen",19.99426614482,1.1186946716619,NA,NA,0.22367479
"57","China",2030,"hydrogen",23.6179746994,0.0846858130494488,0.0200010739,NA,NA
"58","China",2030,"refined liquids",15.88624731572,1.14815702056652,NA,0.18239906386,NA
"59","China",2030,"refined liquids",19.99426614482,0.67783343948891,NA,NA,0.13552782191
"60","China",2030,"refined liquids",23.6179746994,0.203317400459489,0.0480194522,NA,NA
"61","China",2035,"biomass",11.4827053909,6.27270242926215,NA,0.72027594,NA
"62","China",2035,"biomass",14.123777394682,2.45166417116132,NA,NA,0.34626759
"63","China",2035,"biomass",22.144868012064,1.0802325842253,0.23921608,NA,NA
"64","China",2035,"coal",11.4827053909,41.0216939270512,NA,4.71040026,NA
"65","China",2035,"coal",14.123777394682,65.275199561495,NA,NA,9.21932388
"66","China",2035,"coal",22.144868012064,87.5029030732703,19.3774023923,NA,NA
"67","China",2035,"electricity",11.4827053909,28.1533395489007,NA,3.2327650381,NA
"68","China",2035,"electricity",14.123777394682,19.1296653550863,NA,NA,2.7018313511
"69","China",2035,"electricity",22.144868012064,10.5558251308003,2.3375735428,NA,NA
"70","China",2035,"gas",11.4827053909,5.6290993663588,NA,0.6463728964,NA
"71","China",2035,"gas",14.123777394682,5.40059915259075,NA,NA,0.762768602291
"72","China",2035,"gas",22.144868012064,0.411581040728474,0.091144078232,NA,NA
"73","China",2035,"hydrogen",11.4827053909,16.9469208148645,NA,1.94596499,NA
"74","China",2035,"hydrogen",14.123777394682,6.50584205855567,NA,NA,0.91887065
"75","China",2035,"hydrogen",22.144868012064,0.244247291835445,0.0540882404,NA,NA
"76","China",2035,"refined liquids",11.4827053909,1.97624391356272,NA,0.2269262664,NA
"77","China",2035,"refined liquids",14.123777394682,1.23702970111087,NA,NA,0.174715321291
"78","China",2035,"refined liquids",22.144868012064,0.205210879140229,0.045443678332,NA,NA
"79","China",2040,"biomass",8.6786930326,5.19388470483739,NA,0.45076131,NA
"80","China",2040,"biomass",10.13296486882,2.7912464284793,NA,NA,0.28283602
"81","China",2040,"biomass",20.75008479446,1.45992145574692,0.30293494,NA,NA
"82","China",2040,"coal",8.6786930326,22.7204659571796,NA,1.971839496,NA
"83","China",2040,"coal",10.13296486882,44.1179539046462,NA,NA,4.47045677
"84","China",2040,"coal",20.75008479446,87.0755055320255,18.0682412331,NA,NA
"85","China",2040,"electricity",8.6786930326,38.739644257158,NA,3.362094807,NA
"86","China",2040,"electricity",10.13296486882,29.8084828093531,NA,NA,3.020483091
"87","China",2040,"electricity",20.75008479446,10.4990009293921,2.17855159542,NA,NA
"88","China",2040,"gas",8.6786930326,2.9058214704991,NA,0.2521873255,NA
"89","China",2040,"gas",10.13296486882,4.36132093697334,NA,NA,0.44193111836
"90","China",2040,"gas",20.75008479446,0.354021202552448,0.07345969972,NA,NA
"91","China",2040,"hydrogen",8.6786930326,27.7624644741949,NA,2.40941907,NA
"92","China",2040,"hydrogen",10.13296486882,16.8601352330451,NA,NA,1.70843158
"93","China",2040,"hydrogen",20.75008479446,0.407242330993082,0.084503129,NA,NA
"94","China",2040,"refined liquids",8.6786930326,2.67771913613102,NA,0.2323910241,NA
"95","China",2040,"refined liquids",10.13296486882,2.06086068750299,NA,NA,0.20882628946
"96","China",2040,"refined liquids",20.75008479446,0.204308549289971,0.04239419722,NA,NA
"97","China",2045,"biomass",6.596250318308,2.6073240356366,NA,0.17198562,NA
"98","China",2045,"biomass",7.17956494466,2.35726469924724,NA,NA,0.16924135
"99","China",2045,"biomass",19.06936868896,1.77211529921094,0.3379312,NA,NA
"100","China",2045,"coal",6.596250318308,5.05577698096733,NA,0.3334917052,NA
"101","China",2045,"coal",7.17956494466,19.0493136637372,NA,NA,1.367657846
"102","China",2045,"coal",19.06936868896,86.6610332316212,16.5257119366,NA,NA
"103","China",2045,"electricity",6.596250318308,49.3599125379337,NA,3.2559033879,NA
"104","China",2045,"electricity",7.17956494466,43.2055433011603,NA,NA,3.101970041
"105","China",2045,"electricity",19.06936868896,10.441463975956,1.9911212621,NA,NA
"106","China",2045,"gas",6.596250318308,0.282210281761639,NA,0.018615296609,NA
"107","China",2045,"gas",7.17956494466,1.22266349446829,NA,NA,0.08778191964
"108","China",2045,"gas",19.06936868896,0.336620938149688,0.06419148778,NA,NA
"109","China",2045,"hydrogen",6.596250318308,39.3546406629681,NA,2.59593061,NA
"110","China",2045,"hydrogen",7.17956494466,31.217734880538,NA,NA,2.24129755
"111","China",2045,"hydrogen",19.06936868896,0.583557026533472,0.1112806409,NA,NA
"112","China",2045,"refined liquids",6.596250318308,3.34013550073271,NA,0.220323698599,NA
"113","China",2045,"refined liquids",7.17956494466,2.9474799608491,NA,NA,0.21161623802
"114","China",2045,"refined liquids",19.06936868896,0.205209528528625,0.03913216158,NA,NA
"115","China",2050,"biomass",5.4418724635359,0.0546358320582201,NA,NA,0.0029732123
"116","China",2050,"biomass",5.48594040719474,0.0516715784276906,NA,0.002834672,NA
"117","China",2050,"biomass",17.2188192886,2.02311374642648,0.3483563,NA,NA
"118","China",2050,"coal",5.4418724635359,0.0631479856616697,NA,NA,0.003436432843
"119","China",2050,"coal",5.48594040719474,0.0659788356842702,NA,0.003619559607,NA
"120","China",2050,"coal",17.2188192886,86.3110216287563,14.8617388404,NA,NA
"121","China",2050,"electricity",5.4418724635359,52.4731237675608,NA,NA,2.855520473064
"122","China",2050,"electricity",5.48594040719474,52.172199512017,NA,2.862135774352,NA
"123","China",2050,"electricity",17.2188192886,10.3816326871117,1.7875945716,NA,NA
"124","China",2050,"gas",5.4418724635359,0.00332897464087739,NA,NA,0.0001811585543
"125","China",2050,"gas",5.48594040719474,0.00430370459894824,NA,0.0002360986696,NA
"126","China",2050,"gas",17.2188192886,0.316209799216883,0.0544475939,NA,NA
"127","China",2050,"hydrogen",5.4418724635359,43.9092777166522,NA,NA,2.389486893
"128","China",2050,"hydrogen",5.48594040719474,44.2497131634231,NA,2.4275128945,NA
"129","China",2050,"hydrogen",17.2188192886,0.762662391648094,0.131321459,NA,NA
"130","China",2050,"refined liquids",5.4418724635359,3.4964857234263,NA,NA,0.1902742937746
"131","China",2050,"refined liquids",5.48594040719474,3.4561332058489,NA,0.18960140806614,NA
"132","China",2050,"refined liquids",17.2188192886,0.205359746840546,0.0353605237,NA,NA
"133","Europe",2015,"biomass",2.341593751,0,0,0,0
"134","Europe",2015,"coal",2.341593751,64.8940226865168,1.51955438,1.51955438,1.51955438
"135","Europe",2015,"electricity",2.341593751,17.8300954135063,0.4175084,0.4175084,0.4175084
"136","Europe",2015,"gas",2.341593751,14.9090627206752,0.349109681,0.349109681,0.349109681
"137","Europe",2015,"hydrogen",2.341593751,0,0,0,0
"138","Europe",2015,"refined liquids",2.341593751,2.36681917930178,0.05542129,0.05542129,0.05542129
"139","Europe",2020,"biomass",2.3873558711288,0.00629136618534308,NA,0.0001501973,NA
"140","Europe",2020,"biomass",2.3873585515708,0.00629058420659886,NA,NA,0.0001501788
"141","Europe",2020,"biomass",2.4108589723454,0.00696152292295739,0.0001678325,NA,NA
"142","Europe",2020,"coal",2.3873558711288,64.224234624687,NA,1.533261036,NA
"143","Europe",2020,"coal",2.3873585515708,64.223991532029,NA,NA,1.533256954
"144","Europe",2020,"coal",2.4108589723454,64.8882175168509,1.564363414,NA,NA
"145","Europe",2020,"electricity",2.3873558711288,18.0933141457776,NA,0.431951797541,NA
"146","Europe",2020,"electricity",2.3873585515708,18.0933503533765,NA,NA,0.431953146927
"147","Europe",2020,"electricity",2.4108589723454,17.8855345206075,0.431195013742,NA,NA
"148","Europe",2020,"gas",2.3873558711288,15.1984315706288,NA,0.3628406484209,NA
"149","Europe",2020,"gas",2.3873585515708,15.1986234104282,NA,NA,0.3628456357099
"150","Europe",2020,"gas",2.4108589723454,14.804720924197,0.3569209427317,NA,NA
"151","Europe",2020,"hydrogen",2.3873558711288,0,NA,0,NA
"152","Europe",2020,"hydrogen",2.3873585515708,0,NA,NA,0
"153","Europe",2020,"hydrogen",2.4108589723454,0,0,NA,NA
"154","Europe",2020,"refined liquids",2.3873558711288,2.47772829272124,NA,0.0591521918669,NA
"155","Europe",2020,"refined liquids",2.3873585515708,2.47774411995968,NA,NA,0.0591526361339
"156","Europe",2020,"refined liquids",2.4108589723454,2.41456551542162,0.0582117693717,NA,NA
"157","Europe",2025,"biomass",2.0892575722898,0.423595798688455,NA,0.0088500073,NA
"158","Europe",2025,"biomass",2.3206957377212,0.0713815935916978,NA,NA,0.0016565496
"159","Europe",2025,"biomass",2.539049019514,0.0898642043719479,0.0022816962,NA,NA
"160","Europe",2025,"coal",2.0892575722898,57.2149980382692,NA,1.195368679,NA
"161","Europe",2025,"coal",2.3206957377212,62.4969179468645,NA,NA,1.450363311
"162","Europe",2025,"coal",2.539049019514,65.3000027276889,1.657999079,NA,NA
"163","Europe",2025,"electricity",2.0892575722898,20.8781726067376,NA,0.436198802142,NA
"164","Europe",2025,"electricity",2.3206957377212,18.7473032777323,NA,NA,0.435067868104
"165","Europe",2025,"electricity",2.539049019514,17.7548589184894,0.450804571286,NA,NA
"166","Europe",2025,"gas",2.0892575722898,17.3991864492081,NA,0.3635138204069,NA
"167","Europe",2025,"gas",2.3206957377212,15.5827910055198,NA,NA,0.3616291666831
"168","Europe",2025,"gas",2.539049019514,14.4423488668285,0.366698317298,NA,NA
"169","Europe",2025,"hydrogen",2.0892575722898,1.26916400120731,NA,0.026516105,NA
"170","Europe",2025,"hydrogen",2.3206957377212,0.623517971994413,NA,NA,0.014469955
"171","Europe",2025,"hydrogen",2.539049019514,0.133613978065274,0.0033925244,NA,NA
"172","Europe",2025,"refined liquids",2.0892575722898,2.81488310588937,NA,0.0588101584409,NA
"173","Europe",2025,"refined liquids",2.3206957377212,2.47808820429733,NA,NA,0.0575088873341
"174","Europe",2025,"refined liquids",2.539049019514,2.27931130455597,0.05787283133,NA,NA
"175","Europe",2030,"biomass",1.75310984900298,1.11363578335397,NA,0.0195232586,NA
"176","Europe",2030,"biomass",2.11769306741362,0.191260762115387,NA,NA,0.0040503159
"177","Europe",2030,"biomass",2.56497024733046,0.243532434986378,0.0062465345,NA,NA
"178","Europe",2030,"coal",1.75310984900298,42.7039985215854,NA,0.748648004,NA
"179","Europe",2030,"coal",2.11769306741362,58.4695568518928,NA,NA,1.238205752
"180","Europe",2030,"coal",2.56497024733046,65.5697739476866,1.681845193,NA,NA
"181","Europe",2030,"electricity",1.75310984900298,27.0691543195017,NA,0.474552010417,NA
"182","Europe",2030,"electricity",2.11769306741362,20.3841834560195,NA,NA,0.431674439897
"183","Europe",2030,"electricity",2.56497024733046,17.7508002363328,0.455302744725,NA,NA
"184","Europe",2030,"gas",1.75310984900298,19.2667510941532,NA,0.33776731101449,NA
"185","Europe",2030,"gas",2.11769306741362,16.1937760661956,NA,NA,0.34293447310631
"186","Europe",2030,"gas",2.56497024733046,13.8933094687206,0.35635925424223,NA,NA
"187","Europe",2030,"hydrogen",1.75310984900298,6.43620945739198,NA,0.1128338219,NA
"188","Europe",2030,"hydrogen",2.11769306741362,2.1455000584901,NA,NA,0.045435106
"189","Europe",2030,"hydrogen",2.56497024733046,0.352763651329569,0.0090482827,NA,NA
"190","Europe",2030,"refined liquids",1.75310984900298,3.41025082401373,NA,0.05978544307149,NA
"191","Europe",2030,"refined liquids",2.11769306741362,2.61572280528653,NA,NA,0.05539298051031
"192","Europe",2030,"refined liquids",2.56497024733046,2.18982026094408,0.05616823816323,NA,NA
"193","Europe",2035,"biomass",1.42904370593504,1.53144358700215,NA,0.02188499819,NA
"194","Europe",2035,"biomass",1.6747952094904,0.820327210882123,NA,NA,0.01373880083
"195","Europe",2035,"biomass",2.53467122513144,0.420054610413936,0.01064700334,NA,NA
"196","Europe",2035,"coal",1.42904370593504,26.043028387049,NA,0.372166258,NA
"197","Europe",2035,"coal",1.6747952094904,45.7142163806976,NA,NA,0.765619506
"198","Europe",2035,"coal",2.53467122513144,65.6657564696064,1.664411034,NA,NA
"199","Europe",2035,"electricity",1.42904370593504,34.448080950743,NA,0.492278132642,NA
"200","Europe",2035,"electricity",1.6747952094904,25.6208249223834,NA,NA,0.429096348432
"201","Europe",2035,"electricity",2.53467122513144,17.7828875167282,0.450737732884,NA,NA
"202","Europe",2035,"gas",1.42904370593504,20.4131754589793,NA,0.29171319907802,NA
"203","Europe",2035,"gas",1.6747952094904,18.3323166408579,NA,NA,0.3070287608897
"204","Europe",2035,"gas",2.53467122513144,13.5022472097135,0.34223757477072,NA,NA
"205","Europe",2035,"hydrogen",1.42904370593504,13.5146739807816,NA,0.1931305979,NA
"206","Europe",2035,"hydrogen",1.6747952094904,6.28222976181155,NA,NA,0.1052144831
"207","Europe",2035,"hydrogen",2.53467122513144,0.477355085741843,0.012099382,NA,NA
"208","Europe",2035,"refined liquids",1.42904370593504,4.04959763544493,NA,0.05787052012502,NA
"209","Europe",2035,"refined liquids",1.6747952094904,3.23008508336733,NA,NA,0.0540973102387
"210","Europe",2035,"refined liquids",2.53467122513144,2.15169910779619,0.05453849813672,NA,NA
"211","Europe",2040,"biomass",1.2267684614443,1.28073964189642,NA,0.01571171,NA
"212","Europe",2040,"biomass",1.385217306459,0.986815204824659,NA,NA,0.013669535
"213","Europe",2040,"biomass",2.4956154007102,0.540117880189555,0.013479265,NA,NA
"214","Europe",2040,"coal",1.2267684614443,17.456756913026,NA,0.2141539882,NA
"215","Europe",2040,"coal",1.385217306459,32.3379061834771,NA,NA,0.447950273
"216","Europe",2040,"coal",2.4956154007102,65.664345112378,1.6387295094,NA,NA
"217","Europe",2040,"electricity",1.2267684614443,39.0937866111563,NA,0.47959024453,NA
"218","Europe",2040,"electricity",1.385217306459,31.6557626630388,NA,NA,0.4385011029
"219","Europe",2040,"electricity",2.4956154007102,17.8117081527667,0.44451173179,NA,NA
"220","Europe",2040,"gas",1.2267684614443,19.1849379110392,NA,0.2353547676403,NA
"221","Europe",2040,"gas",1.385217306459,19.3843305561854,NA,NA,0.2685151016055
"222","Europe",2040,"gas",2.4956154007102,13.2999682632045,0.3319160562661,NA,NA
"223","Europe",2040,"hydrogen",1.2267684614443,18.7326223914694,NA,0.2298059035,NA
"224","Europe",2040,"hydrogen",1.385217306459,11.8662942726427,NA,NA,0.1643739619
"225","Europe",2040,"hydrogen",2.4956154007102,0.543936068680173,0.0135745523,NA,NA
"226","Europe",2040,"refined liquids",1.2267684614443,4.25115653141266,NA,0.052151847574,NA
"227","Europe",2040,"refined liquids",1.385217306459,3.76889111983133,NA,NA,0.0522073320535
"228","Europe",2040,"refined liquids",2.4956154007102,2.13992452278112,0.0534042859541,NA,NA
"229","Europe",2045,"biomass",0.95872539572393,0.619862092576846,NA,0.0059427753,NA
"230","Europe",2045,"biomass",1.08993902664401,0.786024712444595,NA,NA,0.0085671901
"231","Europe",2045,"biomass",2.445687735574,0.634949825119656,0.01552889,NA,NA
"232","Europe",2045,"coal",0.95872539572393,6.07164546382393,NA,0.058210407,NA
"233","Europe",2045,"coal",1.08993902664401,16.158127169945,NA,NA,0.176113734
"234","Europe",2045,"coal",2.445687735574,65.4620698592271,1.600997814,NA,NA
"235","Europe",2045,"electricity",0.95872539572393,47.8855101636629,NA,0.459090546811,NA
"236","Europe",2045,"electricity",1.08993902664401,40.1493403156145,NA,NA,0.43760332904
"237","Europe",2045,"electricity",2.445687735574,17.9292379506121,0.43849317364,NA,NA
"238","Europe",2045,"gas",0.95872539572393,11.2478849205484,NA,0.1078363292151,NA
"239","Europe",2045,"gas",1.08993902664401,16.856073558141,NA,NA,0.18372092407
"240","Europe",2045,"gas",2.445687735574,13.1628107394686,0.321921247912,NA,NA
"241","Europe",2045,"hydrogen",0.95872539572393,30.1316649364303,NA,0.2888799239,NA
"242","Europe",2045,"hydrogen",1.08993902664401,21.9686858756922,NA,NA,0.239445281
"243","Europe",2045,"hydrogen",2.445687735574,0.667241286065902,0.0163186383,NA,NA
"244","Europe",2045,"refined liquids",0.95872539572393,4.04343242295761,NA,0.03876541349783,NA
"245","Europe",2045,"refined liquids",1.08993902664401,4.08174836816267,NA,NA,0.04448856843401
"246","Europe",2045,"refined liquids",2.445687735574,2.1436903395067,0.052427971722,NA,NA
"247","Europe",2050,"biomass",0.795413472119601,0.00829555134691991,NA,0.000065983933,NA
"248","Europe",2050,"biomass",0.809551860857027,0.00819631097256146,NA,NA,0.000066353388
"249","Europe",2050,"biomass",2.380173813095,0.693406670941357,0.016504284,NA,NA
"250","Europe",2050,"coal",0.795413472119601,0.143606382094097,NA,0.00114226451,NA
"251","Europe",2050,"coal",0.809551860857027,0.141446694815544,NA,NA,0.00114508435
"252","Europe",2050,"coal",2.380173813095,65.3824899021308,1.556216903,NA,NA
"253","Europe",2050,"electricity",0.795413472119601,52.4305708439513,NA,0.417039824002,NA
"254","Europe",2050,"electricity",0.809551860857027,51.1236033048775,NA,NA,0.4138720818918
"255","Europe",2050,"electricity",2.380173813095,18.0186837423575,0.4288759919,NA,NA
"256","Europe",2050,"gas",0.795413472119601,0.635508460304646,NA,0.005054919909723,NA
"257","Europe",2050,"gas",0.809551860857027,0.610850619345726,NA,NA,0.00494515255597
"258","Europe",2050,"gas",2.380173813095,13.0006062635246,0.309437025828,NA,NA
"259","Europe",2050,"hydrogen",0.795413472119601,43.7379929936224,NA,0.347897888706,NA
"260","Europe",2050,"hydrogen",0.809551860857027,45.1987159557184,NA,NA,0.365907046103
"261","Europe",2050,"hydrogen",2.380173813095,0.759447768081067,0.0180761769,NA,NA
"262","Europe",2050,"refined liquids",0.795413472119601,3.04402576868063,NA,0.024212591058878,NA
"263","Europe",2050,"refined liquids",0.809551860857027,2.91718711427035,NA,NA,0.023616142568257
"264","Europe",2050,"refined liquids",2.380173813095,2.14536565296468,0.051063431467,NA,NA
"265","Global",2015,"biomass",33.62328951019,0,NA,NA,0
"266","Global",2015,"biomass",33.62328962019,0,NA,0,NA
"267","Global",2015,"biomass",33.62329061019,0,0,NA,NA
"268","Global",2015,"coal",33.62328951019,79.7421861417643,NA,NA,26.8119461082
"269","Global",2015,"coal",33.62328962019,79.7421862080385,NA,26.8119462182,NA
"270","Global",2015,"coal",33.62329061019,79.7421868045071,26.8119472082,NA,NA
"271","Global",2015,"coal with CCS",33.62328951019,0,NA,NA,0
"272","Global",2015,"coal with CCS",33.62328962019,0,NA,0,NA
"273","Global",2015,"electricity",33.62328951019,12.1287696873445,NA,NA,4.078091346
"274","Global",2015,"electricity",33.62328962019,12.1287696476647,NA,4.078091346,NA
"275","Global",2015,"electricity",33.62329061019,12.1287692905467,4.078091346,NA,NA
"276","Global",2015,"gas",33.62328951019,6.88873442614245,NA,NA,2.31621911969
"277","Global",2015,"gas",33.62328962019,6.88873440360566,NA,2.31621911969,NA
"278","Global",2015,"gas",33.62329061019,6.88873420077462,2.31621911969,NA,NA
"279","Global",2015,"gas with CCS",33.62328951019,0,NA,NA,0
"280","Global",2015,"gas with CCS",33.62328962019,0,NA,0,NA
"281","Global",2015,"gas with CCS",33.62329061019,0,0,NA,NA
"282","Global",2015,"hydrogen",33.62328951019,0,NA,NA,0
"283","Global",2015,"hydrogen",33.62328962019,0,NA,0,NA
"284","Global",2015,"hydrogen",33.62329061019,0,0,NA,NA
"285","Global",2015,"refined liquids",33.62328951019,1.24030974474884,NA,NA,0.4170329363
"286","Global",2015,"refined liquids",33.62328962019,1.24030974069111,NA,0.4170329363,NA
"287","Global",2015,"refined liquids",33.62329061019,1.24030970417159,0.4170329363,NA,NA
"288","Global",2015,"refined liquids with CCS",33.62328951019,0,NA,NA,0
"289","Global",2015,"refined liquids with CCS",33.62328962019,0,NA,0,NA
"290","Global",2020,"biomass",40.1320537515779,0.0359490999503925,NA,0.0144271121153,NA
"291","Global",2020,"biomass",40.1320919069323,0.0359456282659119,NA,NA,0.0144257325722
"292","Global",2020,"biomass",40.5213840176807,0.0372214220153956,0.0150826353517,NA,NA
"293","Global",2020,"coal",40.1320537515779,79.5460619812706,NA,31.923468351587,NA
"294","Global",2020,"coal",40.1320919069323,79.5459309403022,NA,NA,31.923446113187
"295","Global",2020,"coal",40.5213840176807,81.4865080817817,33.0194608624172,NA,NA
"296","Global",2020,"coal with CCS",40.1320537515779,0,NA,0,NA
"297","Global",2020,"coal with CCS",40.1320919069323,0,NA,NA,0
"298","Global",2020,"electricity",40.1320537515779,12.1689557380584,NA,4.88365185780332,NA
"299","Global",2020,"electricity",40.1320919069323,12.1689581548383,NA,NA,4.88365747081583
"300","Global",2020,"electricity",40.5213840176807,11.9312637079522,4.83471318526147,NA,NA
"301","Global",2020,"gas",40.1320537515779,7.02765997192959,NA,2.82034427741291,NA
"302","Global",2020,"gas",40.1320919069323,7.02778392301841,NA,NA,2.82039670300636
"303","Global",2020,"gas",40.5213840176807,5.43705226694472,2.20316882833069,NA,NA
"304","Global",2020,"gas with CCS",40.1320537515779,0,NA,0,NA
"305","Global",2020,"gas with CCS",40.1320919069323,0,NA,NA,0
"306","Global",2020,"gas with CCS",40.5213840176807,0.0000000135210065816345,0.000000005478899,NA,NA
"307","Global",2020,"hydrogen",40.1320537515779,0,NA,0,NA
"308","Global",2020,"hydrogen",40.1320919069323,0,NA,NA,0
"309","Global",2020,"hydrogen",40.5213840176807,0,0,NA,NA
"310","Global",2020,"refined liquids",40.1320537515779,1.22137320879103,NA,0.490162152659388,NA
"311","Global",2020,"refined liquids",40.1320919069323,1.22138135357522,NA,NA,0.490165887350942
"312","Global",2020,"refined liquids",40.5213840176807,1.10795450778506,0.448958500840788,NA,NA
"313","Global",2020,"refined liquids with CCS",40.1320537515779,0,NA,0,NA
"314","Global",2020,"refined liquids with CCS",40.1320919069323,0,NA,NA,0
"315","Global",2025,"biomass",34.755183398473,3.80245159717231,NA,1.3215490262354,NA
"316","Global",2025,"biomass",41.1135850479757,0.264529544510872,NA,NA,0.1087575792595
"317","Global",2025,"biomass",44.5709973790058,0.317498093281233,0.141512066834772,NA,NA
"318","Global",2025,"coal",34.755183398473,71.4588718715244,NA,24.8356619734281,NA
"319","Global",2025,"coal",41.1135850479757,78.6586056754987,NA,NA,32.339372741948
"320","Global",2025,"coal",44.5709973790058,81.4358177830066,36.2967562096359,NA,NA
"321","Global",2025,"coal with CCS",34.755183398473,0.0508438404637405,NA,0.01767087,NA
"322","Global",2025,"coal with CCS",41.1135850479757,0,NA,NA,0
"323","Global",2025,"electricity",34.755183398473,14.2888931561745,NA,4.96613102204029,NA
"324","Global",2025,"electricity",41.1135850479757,12.750237873284,NA,NA,5.24207989185182
"325","Global",2025,"electricity",44.5709973790058,11.9156949009502,5.31094406199286,NA,NA
"326","Global",2025,"gas",34.755183398473,7.32957983479403,NA,2.54740891392016,NA
"327","Global",2025,"gas",41.1135850479757,6.40739978753006,NA,NA,2.63431176100998
"328","Global",2025,"gas",44.5709973790058,4.9838264671698,2.22134116405645,NA,NA
"329","Global",2025,"gas with CCS",34.755183398473,0.00790278761734481,NA,0.00274662833,NA
"330","Global",2025,"gas with CCS",41.1135850479757,0,NA,NA,0
"331","Global",2025,"gas with CCS",44.5709973790058,0.00000013956922361648,0.000000062207395,NA,NA
"332","Global",2025,"hydrogen",34.755183398473,1.48743701146032,NA,0.5169614612698,NA
"333","Global",2025,"hydrogen",41.1135850479757,0.593239306935626,NA,NA,0.243901946995
"334","Global",2025,"hydrogen",44.5709973790058,0.125058699058763,0.0557399094797,NA,NA
"335","Global",2025,"refined liquids",34.755183398473,1.57359856122421,NA,0.546907065909207,NA
"336","Global",2025,"refined liquids",41.1135850479757,1.32598781224072,NA,NA,0.545161126911382
"337","Global",2025,"refined liquids",44.5709973790058,1.22210391696411,0.544703904798803,NA,NA
"338","Global",2025,"refined liquids with CCS",34.755183398473,0.000421339569183324,NA,0.00014643734,NA
"339","Global",2025,"refined liquids with CCS",41.1135850479757,0,NA,NA,0
"340","Global",2030,"biomass",29.3131550510889,7.39043639998838,NA,2.16637008088071,NA
"341","Global",2030,"biomass",38.9960281745959,0.57457486617895,NA,NA,0.22406137669929
"342","Global",2030,"biomass",46.4845112323281,0.73025135760664,0.339453774350887,NA,NA
"343","Global",2030,"coal",29.3131550510889,55.2880003472043,NA,16.2066572664226,NA
"344","Global",2030,"coal",38.9960281745959,75.0219225486409,NA,NA,29.2555700541915
"345","Global",2030,"coal",46.4845112323281,80.7185518821629,37.5216243162366,NA,NA
"346","Global",2030,"coal with CCS",29.3131550510889,0.275776783014686,NA,0.080838876,NA
"347","Global",2030,"coal with CCS",38.9960281745959,0,NA,NA,0
"348","Global",2030,"electricity",29.3131550510889,19.4528640500341,NA,5.70224820086404,NA
"349","Global",2030,"electricity",38.9960281745959,14.1551500061841,NA,NA,5.51994628456787
"350","Global",2030,"electricity",46.4845112323281,12.0480597669388,5.60048169564029,NA,NA
"351","Global",2030,"gas",29.3131550510889,8.1509170565004,NA,2.38929095485762,NA
"352","Global",2030,"gas",38.9960281745959,6.75597385610801,NA,NA,2.63456146839621
"353","Global",2030,"gas",46.4845112323281,4.76302691194336,2.21406977988112,NA,NA
"354","Global",2030,"gas with CCS",29.3131550510889,0.0359301993649051,NA,0.01053227505,NA
"355","Global",2030,"gas with CCS",38.9960281745959,0,NA,NA,0
"356","Global",2030,"gas with CCS",46.4845112323281,0.000000382756878115268,0.000000177922664,NA,NA
"357","Global",2030,"hydrogen",29.3131550510889,7.17810104200034,NA,2.10412788816539,NA
"358","Global",2030,"hydrogen",38.9960281745959,1.9532667484334,NA,NA,0.7616964515441
"359","Global",2030,"hydrogen",46.4845112323281,0.391614500479838,0.182040086462976,NA,NA
"360","Global",2030,"refined liquids",29.3131550510889,2.22605567575824,NA,0.652527151758579,NA
"361","Global",2030,"refined liquids",38.9960281745959,1.53911197445462,NA,NA,0.600192539196903
"362","Global",2030,"refined liquids",46.4845112323281,1.34849519811149,0.62684140183354,NA,NA
"363","Global",2030,"refined liquids with CCS",29.3131550510889,0.00191844613457639,NA,0.00056235709,NA
"364","Global",2030,"refined liquids with CCS",38.9960281745959,0,NA,NA,0
"365","Global",2035,"biomass",23.7113226547084,8.65507181438491,NA,2.05223200390553,NA
"366","Global",2035,"biomass",29.506316968347,2.95633797846004,NA,NA,0.87230645458004
"367","Global",2035,"biomass",47.1071829221844,1.13865812139468,0.536389764103703,NA,NA
"368","Global",2035,"coal",23.7113226547084,37.2329776949309,NA,8.82843147520067,NA
"369","Global",2035,"coal",29.506316968347,61.2973354129238,NA,NA,18.0865860800881
"370","Global",2035,"coal",47.1071829221844,79.5836729271384,37.48962638198,NA,NA
"371","Global",2035,"coal with CCS",23.7113226547084,0.588673656179542,NA,0.13958231,NA
"372","Global",2035,"coal with CCS",29.506316968347,0.129180710831818,NA,NA,0.03811647
"373","Global",2035,"electricity",23.7113226547084,27.0981075084208,NA,6.42531970464141,NA
"374","Global",2035,"electricity",29.506316968347,19.3330449379568,NA,NA,5.7044695190265
"375","Global",2035,"electricity",47.1071829221844,12.3088809559743,5.79836706760476,NA,NA
"376","Global",2035,"gas",23.7113226547084,7.63240421426929,NA,1.80974398955695,NA
"377","Global",2035,"gas",29.506316968347,7.10532589533369,NA,NA,2.0965199803112
"378","Global",2035,"gas",47.1071829221844,4.73155395000802,2.22890177429212,NA,NA
"379","Global",2035,"gas with CCS",23.7113226547084,0.0907646610583592,NA,0.02152150164,NA
"380","Global",2035,"gas with CCS",29.506316968347,0.0295362693329334,NA,NA,0.00871506525
"381","Global",2035,"gas with CCS",47.1071829221844,0.000000713048327587032,0.00000033589698,NA,NA
"382","Global",2035,"hydrogen",23.7113226547084,15.658471881007,NA,3.71283079050236,NA
"383","Global",2035,"hydrogen",29.506316968347,6.98286727902529,NA,NA,2.06038695282819
"384","Global",2035,"hydrogen",47.1071829221844,0.725961930153632,0.341980214382892,NA,NA
"385","Global",2035,"refined liquids",23.7113226547084,3.03868912496702,NA,0.720513382894465,NA
"386","Global",2035,"refined liquids",29.506316968347,2.16480061940019,NA,NA,0.638752932492958
"387","Global",2035,"refined liquids",47.1071829221844,1.51127140228261,0.711917383923933,NA,NA
"388","Global",2035,"refined liquids with CCS",23.7113226547084,0.00483944478218359,NA,0.001147496367,NA
"389","Global",2035,"refined liquids with CCS",29.506316968347,0.00157089673542529,NA,NA,0.00046351377
"390","Global",2040,"biomass",20.3331780482814,6.53493471699756,NA,1.32875991134607,NA
"391","Global",2040,"biomass",23.2301946651091,3.50525654464625,NA,NA,0.8142779188328
"392","Global",2040,"biomass",47.5131292936055,1.39504867743782,0.662831281819763,NA,NA
"393","Global",2040,"coal",20.3331780482814,26.3043673576335,NA,5.34851384930165,NA
"394","Global",2040,"coal",23.2301946651091,43.9711941667081,NA,NA,10.2145940014994
"395","Global",2040,"coal",47.5131292936055,78.2365875287458,37.1726509874378,NA,NA
"396","Global",2040,"coal with CCS",20.3331780482814,0.702076619114963,NA,0.142754489,NA
"397","Global",2040,"coal with CCS",23.2301946651091,0.292801420653444,NA,NA,0.06801834
"398","Global",2040,"electricity",20.3331780482814,33.8831667676583,NA,6.88952462726408,NA
"399","Global",2040,"electricity",23.2301946651091,27.3884089978643,NA,NA,6.36238072588012
"400","Global",2040,"electricity",47.5131292936055,12.7638378881558,6.06449879862565,NA,NA
"401","Global",2040,"gas",20.3331780482814,5.85769946655304,NA,1.19105646206746,NA
"402","Global",2040,"gas",23.2301946651091,6.63996642503851,NA,NA,1.54247712623433
"403","Global",2040,"gas",47.5131292936055,4.85755956288317,2.30797855562658,NA,NA
"404","Global",2040,"gas with CCS",20.3331780482814,0.141544571481449,NA,0.028780509737,NA
"405","Global",2040,"gas with CCS",23.2301946651091,0.0854736875271327,NA,NA,0.019855704
"406","Global",2040,"gas with CCS",47.5131292936055,0.00000107641520902483,0.00000051143855,NA,NA
"407","Global",2040,"hydrogen",20.3331780482814,22.8057724769996,NA,4.63713832303429,NA
"408","Global",2040,"hydrogen",23.2301946651091,14.9693637529732,NA,NA,3.47741233994397
"409","Global",2040,"hydrogen",47.5131292936055,1.06136738544383,0.504288858126088,NA,NA
"410","Global",2040,"refined liquids",20.3331780482814,3.7629046876297,NA,0.765118109922876,NA
"411","Global",2040,"refined liquids",23.2301946651091,3.14299417699294,NA,NA,0.730123665628503
"412","Global",2040,"refined liquids",47.5131292936055,1.68559788091845,0.800880300531057,NA,NA
"413","Global",2040,"refined liquids with CCS",20.3331780482814,0.00753333593185875,NA,0.001531766608,NA
"414","Global",2040,"refined liquids with CCS",23.2301946651091,0.00454082759618169,NA,NA,0.00105484309
"415","Global",2045,"biomass",17.2964924956445,3.11982492781233,NA,0.539620284516306,NA
"416","Global",2045,"biomass",18.4927424120033,2.95484138880327,NA,NA,0.54643120671465
"417","Global",2045,"biomass",47.3050900154045,1.55407044720393,0.735154423952618,NA,NA
"418","Global",2045,"coal",17.2964924956445,13.9851173477281,NA,2.41893477255687,NA
"419","Global",2045,"coal",18.4927424120033,24.609726180403,NA,NA,4.55101327084126
"420","Global",2045,"coal",47.3050900154045,76.5022426122847,36.1894547315444,NA,NA
"421","Global",2045,"coal with CCS",17.2964924956445,0.593069843645069,NA,0.102580281,NA
"422","Global",2045,"coal with CCS",18.4927424120033,0.356125871072823,NA,NA,0.06585744
"423","Global",2045,"electricity",17.2964924956445,41.8511156765592,NA,7.23877508233957,NA
"424","Global",2045,"electricity",18.4927424120033,37.2965817695595,NA,NA,6.89716079512682
"425","Global",2045,"electricity",47.3050900154045,13.4935144265158,6.38311914570488,NA,NA
"426","Global",2045,"gas",17.2964924956445,3.34163866710888,NA,0.577986281288042,NA
"427","Global",2045,"gas",18.4927424120033,4.58938208024534,NA,NA,0.848702606402409
"428","Global",2045,"gas",47.3050900154045,5.11543783912886,2.41986247448197,NA,NA
"429","Global",2045,"gas with CCS",17.2964924956445,0.225618615565131,NA,0.03902410691,NA
"430","Global",2045,"gas with CCS",18.4927424120033,0.184324561931252,NA,NA,0.03408666644
"431","Global",2045,"gas with CCS",47.3050900154045,0.00000152736885135345,0.00000072252321,NA,NA
"432","Global",2045,"hydrogen",17.2964924956445,32.6320974446963,NA,5.6442082856933,NA
"433","Global",2045,"hydrogen",18.4927424120033,25.8382338063678,NA,NA,4.77819802162276
"434","Global",2045,"hydrogen",47.3050900154045,1.48655076482613,0.703214177425686,NA,NA
"435","Global",2045,"refined liquids",17.2964924956445,4.23954268751357,NA,0.733292182795431,NA
"436","Global",2045,"refined liquids",18.4927424120033,4.16100936327284,NA,NA,0.769484743289384
"437","Global",2045,"refined liquids",47.3050900154045,1.84818238267176,0.874284339771722,NA,NA
"438","Global",2045,"refined liquids with CCS",17.2964924956445,0.0119747893714379,NA,0.002071218545,NA
"439","Global",2045,"refined liquids with CCS",18.4927424120033,0.00977497834408098,NA,NA,0.001807661566
"440","Global",2050,"biomass",15.944282261792,0.231325980798233,NA,0.036883267323329,NA
"441","Global",2050,"biomass",15.9513810479769,0.28459674752479,NA,NA,0.045397111647828
"442","Global",2050,"biomass",46.6101368481684,1.63290521599763,0.761099355777375,NA,NA
"443","Global",2050,"coal",15.944282261792,3.27477461916884,NA,0.522139308717805,NA
"444","Global",2050,"coal",15.9513810479769,3.36426766786981,NA,NA,0.536647155175799
"445","Global",2050,"coal",46.6101368481684,74.4803888470887,34.715411166676,NA,NA
"446","Global",2050,"coal with CCS",15.944282261792,0.378124515171647,NA,0.06028924,NA
"447","Global",2050,"coal with CCS",15.9513810479769,0.315553668040448,NA,NA,0.050335168
"448","Global",2050,"electricity",15.944282261792,45.6085778219162,NA,7.27196038351539,NA
"449","Global",2050,"electricity",15.9513810479769,45.0326429217897,NA,NA,7.18332846842946
"450","Global",2050,"electricity",46.6101368481684,14.5298090672464,6.77236389002114,NA,NA
"451","Global",2050,"gas",15.944282261792,1.31329783217966,NA,0.209395913300721,NA
"452","Global",2050,"gas",15.9513810479769,1.38616354867412,NA,NA,0.221112229597168
"453","Global",2050,"gas",46.6101368481684,5.4171479004017,2.52494004964491,NA,NA
"454","Global",2050,"gas with CCS",15.944282261792,0.264739014820074,NA,0.04221073578,NA
"455","Global",2050,"gas with CCS",15.9513810479769,0.259009516578754,NA,NA,0.04131559494
"456","Global",2050,"gas with CCS",46.6101368481684,0.00000202091382625283,0.0000009419507,NA,NA
"457","Global",2050,"hydrogen",15.944282261792,45.4319464253304,NA,7.2437977750808,NA
"458","Global",2050,"hydrogen",15.9513810479769,45.8796881563761,NA,NA,7.31844388144707
"459","Global",2050,"hydrogen",46.6101368481684,1.94799085744401,0.90796120444446,NA,NA
"460","Global",2050,"refined liquids",15.944282261792,3.48318274954165,NA,0.555368489280968,NA
"461","Global",2050,"refined liquids",15.9513810479769,3.46435383820039,NA,NA,0.552612281581557
"462","Global",2050,"refined liquids",46.6101368481684,1.99175609090771,0.928360239653814,NA,NA
"463","Global",2050,"refined liquids with CCS",15.944282261792,0.0140310410733318,NA,0.002237148793,NA
"464","Global",2050,"refined liquids with CCS",15.9513810479769,0.013723934945919,NA,NA,0.002189157158
"465","India",2015,"biomass",2.90115224,0,0,0,0
"466","India",2015,"coal",2.90115224,91.3066871664756,2.648946,2.648946,2.648946
"467","India",2015,"electricity",2.90115224,7.69480818421304,0.2232381,0.2232381,0.2232381
"468","India",2015,"gas",2.90115224,0.0303355331673322,0.00088008,0.00088008,0.00088008
"469","India",2015,"hydrogen",2.90115224,0,0,0,0
"470","India",2015,"refined liquids",2.90115224,0.968169116144005,0.02808806,0.02808806,0.02808806
"471","India",2020,"biomass",3.67296527646,0.057514020443885,NA,NA,0.00211247
"472","India",2020,"biomass",3.67296536698,0.0575191919584333,NA,0.00211266,NA
"473","India",2020,"biomass",3.7659708912,0.0625859856088523,0.00235697,NA,NA
"474","India",2020,"coal",3.67296527646,90.6673695322713,NA,NA,3.330181
"475","India",2020,"coal",3.67296536698,90.6673672977797,NA,3.330181,NA
"476","India",2020,"coal",3.7659708912,90.9932949297991,3.426781,NA,NA
"477","India",2020,"electricity",3.67296527646,8.18356559552608,NA,NA,0.3005795227
"478","India",2020,"electricity",3.67296536698,8.18356284277038,NA,0.300579429,NA
"479","India",2020,"electricity",3.7659708912,7.9034177373888,0.2976404114,NA,NA
"480","India",2020,"gas",3.67296527646,0.0332515552985871,NA,NA,0.00122131808
"481","India",2020,"gas",3.67296536698,0.0332515302480022,NA,0.00122131719,NA
"482","India",2020,"gas",3.7659708912,0.0316993368905092,0.0011937878,NA,NA
"483","India",2020,"hydrogen",3.67296527646,0,NA,NA,0
"484","India",2020,"hydrogen",3.67296536698,0,NA,0,NA
"485","India",2020,"hydrogen",3.7659708912,0,0,NA,NA
"486","India",2020,"refined liquids",3.67296527646,1.0582992964601,NA,NA,0.03887096568
"487","India",2020,"refined liquids",3.67296536698,1.05829913724345,NA,0.03887096079,NA
"488","India",2020,"refined liquids",3.7659708912,1.00900201031272,0.037998722,NA,NA
"489","India",2025,"biomass",3.87773044684,19.7866798767629,NA,0.76727411,NA
"490","India",2025,"biomass",5.76480402046,0.572462999312276,NA,NA,0.03300137
"491","India",2025,"biomass",6.5397232234,0.690069571117685,0.04512864,NA,NA
"492","India",2025,"coal",3.87773044684,64.4752912631516,NA,2.500178,NA
"493","India",2025,"coal",5.76480402046,87.9804635508718,NA,NA,5.0719013
"494","India",2025,"coal",6.5397232234,89.5564643935356,5.8567449,NA,NA
"495","India",2025,"electricity",3.87773044684,12.2472838200245,NA,0.4749166536,NA
"496","India",2025,"electricity",5.76480402046,9.48184512188124,NA,NA,0.5466097888
"497","India",2025,"electricity",6.5397232234,8.47185565159066,0.5540359115,NA,NA
"498","India",2025,"gas",3.87773044684,0.065251917447278,NA,0.00253029347,NA
"499","India",2025,"gas",5.76480402046,0.0400206038542123,NA,NA,0.00230710938
"500","India",2025,"gas",6.5397232234,0.0353288483483987,0.0023104089,NA,NA
"501","India",2025,"hydrogen",3.87773044684,1.76095014689961,NA,0.0682849,NA
"502","India",2025,"hydrogen",5.76480402046,0.671096881397764,NA,NA,0.03868742
"503","India",2025,"hydrogen",6.5397232234,0.139219959147851,0.0091046,NA,NA
"504","India",2025,"refined liquids",3.87773044684,1.66454297571404,NA,0.06454648977,NA
"505","India",2025,"refined liquids",5.76480402046,1.25411084268275,NA,NA,0.07229703228
"506","India",2025,"refined liquids",6.5397232234,1.1070615762598,0.072398763,NA,NA
"507","India",2030,"biomass",3.874601185336,26.1883128472746,NA,1.01469268,NA
"508","India",2030,"biomass",6.894341662098,0.825082114986013,NA,NA,0.05688398
"509","India",2030,"biomass",8.662678522928,1.05154935345806,0.09109234,NA,NA
"510","India",2030,"coal",3.874601185336,49.3940849252601,NA,1.9138238,NA
"511","India",2030,"coal",6.894341662098,85.2786297540533,NA,NA,5.8794001
"512","India",2030,"coal",8.662678522928,88.5008808731447,7.6665468,NA,NA
"513","India",2030,"electricity",3.874601185336,16.0698445315219,NA,0.6226423867,NA
"514","India",2030,"electricity",6.894341662098,10.6066130363123,NA,NA,0.7312561415
"515","India",2030,"electricity",8.662678522928,8.84813751625781,0.7664857083,NA,NA
"516","India",2030,"gas",3.874601185336,0.0846115986183932,NA,0.003278362003,NA
"517","India",2030,"gas",6.894341662098,0.044843961186269,NA,NA,0.003091695899
"518","India",2030,"gas",8.662678522928,0.0373864164002859,0.003238665064,NA,NA
"519","India",2030,"hydrogen",3.874601185336,6.18320153585625,NA,0.2395744,NA
"520","India",2030,"hydrogen",6.894341662098,1.86381146014886,NA,NA,0.12849753
"521","India",2030,"hydrogen",8.662678522928,0.407288460568136,0.03528209,NA,NA
"522","India",2030,"refined liquids",3.874601185336,2.07994456146875,NA,0.080589556633,NA
"523","India",2030,"refined liquids",6.894341662098,1.38101967331318,NA,NA,0.095212214699
"524","India",2030,"refined liquids",8.662678522928,1.15475738017101,0.100032919564,NA,NA
"525","India",2035,"biomass",3.974215697766,21.6379699391604,NA,0.859939598,NA
"526","India",2035,"biomass",5.631442785652,4.35724902728619,NA,NA,0.245375986
"527","India",2035,"biomass",10.41209842248,1.25884355565648,0.13107203,NA,NA
"528","India",2035,"coal",3.974215697766,44.8485622207651,NA,1.7823786,NA
"529","India",2035,"coal",5.631442785652,72.3638054244777,NA,NA,4.0751263
"530","India",2035,"coal",10.41209842248,87.3702942565272,9.09708103,NA,NA
"531","India",2035,"electricity",3.974215697766,19.9512728070022,NA,0.7929066158,NA
"532","India",2035,"electricity",5.631442785652,15.162156168495,NA,NA,0.8538481497
"533","India",2035,"electricity",10.41209842248,9.28097159275442,0.9663438968,NA,NA
"534","India",2035,"gas",3.974215697766,0.0950219049540464,NA,0.003776375463,NA
"535","India",2035,"gas",5.631442785652,0.0686825061217805,NA,NA,0.003867816036
"536","India",2035,"gas",10.41209842248,0.040359378287543,0.00420225819,NA,NA
"537","India",2035,"hydrogen",3.974215697766,11.0207505910211,NA,0.4379884,NA
"538","India",2035,"hydrogen",5.631442785652,6.08266270364569,NA,NA,0.34254167
"539","India",2035,"hydrogen",10.41209842248,0.8340014325308,0.08683705,NA,NA
"540","India",2035,"refined liquids",3.974215697766,2.44642253709715,NA,0.097226108503,NA
"541","India",2035,"refined liquids",5.631442785652,1.96544416997367,NA,NA,0.110682863916
"542","India",2035,"refined liquids",10.41209842248,1.21552978424358,0.12656215749,NA,NA
"543","India",2040,"biomass",4.037501554877,13.3742317039541,NA,0.539984813,NA
"544","India",2040,"biomass",4.625841546105,5.26802761337966,NA,NA,0.24369061
"545","India",2040,"biomass",11.76359591507,1.34041022947754,0.157680443,NA,NA
"546","India",2040,"coal",4.037501554877,44.243726366922,NA,1.78634114,NA
"547","India",2040,"coal",4.625841546105,57.7686877807151,NA,NA,2.67228796
"548","India",2040,"coal",11.76359591507,86.2368934910804,10.14455968,NA,NA
"549","India",2040,"electricity",4.037501554877,24.3123631455767,NA,0.98161204003,NA
"550","India",2040,"electricity",4.625841546105,21.7757999959633,NA,NA,1.00731400321
"551","India",2040,"electricity",11.76359591507,9.80796305746902,1.15376914158,NA,NA
"552","India",2040,"gas",4.037501554877,0.100383387421964,NA,0.004052980828,NA
"553","India",2040,"gas",4.625841546105,0.0941979679063804,NA,NA,0.004357448735
"554","India",2040,"gas",11.76359591507,0.0444632023894955,0.00523047146,NA,NA
"555","India",2040,"hydrogen",4.037501554877,15.1293645760245,NA,0.61084833,NA
"556","India",2040,"hydrogen",4.625841546105,12.3697674098198,NA,NA,0.57220584
"557","India",2040,"hydrogen",11.76359591507,1.26193950448286,0.148449464,NA,NA
"558","India",2040,"refined liquids",4.037501554877,2.83993082010078,NA,0.114662251019,NA
"559","India",2040,"refined liquids",4.625841546105,2.72351923221584,NA,NA,0.12598568416
"560","India",2040,"refined liquids",11.76359591507,1.3083305151007,0.15390671503,NA,NA
"561","India",2045,"biomass",3.90206762559508,5.69702889160201,NA,0.22230192,NA
"562","India",2045,"biomass",4.1230055497401,4.41605178075682,NA,NA,0.18207406
"563","India",2045,"biomass",12.7218420412,1.33677732712958,0.1700627,NA,NA
"564","India",2045,"coal",3.90206762559508,35.4647887192616,NA,1.3838600391,NA
"565","India",2045,"coal",4.1230055497401,43.8425119295303,NA,NA,1.8076292
"566","India",2045,"coal",12.7218420412,85.1442760012313,10.8319203,NA,NA
"567","India",2045,"electricity",3.90206762559508,30.0241437744517,NA,1.171562394085,NA
"568","India",2045,"electricity",4.1230055497401,27.9421989381659,NA,NA,1.15205841294
"569","India",2045,"electricity",12.7218420412,10.3399044701228,1.3154263139,NA,NA
"570","India",2045,"gas",3.90206762559508,0.0839790138055401,NA,0.00327691791,NA
"571","India",2045,"gas",4.1230055497401,0.0984320035721472,NA,NA,0.00405835697
"572","India",2045,"gas",12.7218420412,0.0486516318152318,0.00618938375,NA,NA
"573","India",2045,"hydrogen",3.90206762559508,25.9611756432722,NA,1.01302263,NA
"574","India",2045,"hydrogen",4.1230055497401,20.6476741233992,NA,NA,0.85130475
"575","India",2045,"hydrogen",12.7218420412,1.7283125768103,0.219873196,NA,NA
"576","India",2045,"refined liquids",3.90206762559508,2.76888395760696,NA,0.108043724500077,NA
"577","India",2045,"refined liquids",4.1230055497401,3.0531312245756,NA,NA,0.1258807698301
"578","India",2045,"refined liquids",12.7218420412,1.40207799289084,0.17837014755,NA,NA
"579","India",2050,"biomass",3.80061257537382,0.259450649189891,NA,0.009860714,NA
"580","India",2050,"biomass",3.89487462894863,0.174207327485444,NA,NA,0.006785157
"581","India",2050,"biomass",13.29069843738,1.29014468884302,0.17146924,NA,NA
"582","India",2050,"coal",3.80061257537382,8.32071140551718,NA,0.31623800403865,NA
"583","India",2050,"coal",3.89487462894863,7.80658639627064,NA,NA,0.3040567529353
"584","India",2050,"coal",13.29069843738,84.103759878879,11.1779771,NA,NA
"585","India",2050,"electricity",3.80061257537382,34.9734835224331,NA,1.32920661279988,NA
"586","India",2050,"electricity",3.89487462894863,33.9281922811186,NA,NA,1.32146055321819
"587","India",2050,"electricity",13.29069843738,10.8929126322529,1.447744169,NA,NA
"588","India",2050,"gas",3.80061257537382,0.021769607730107,NA,0.000827378449,NA
"589","India",2050,"gas",3.89487462894863,0.0203601087671995,NA,NA,0.0007930007108
"590","India",2050,"gas",13.29069843738,0.0528720918852271,0.00702707029,NA,NA
"591","India",2050,"hydrogen",3.80061257537382,55.0192340716108,NA,2.091067929,NA
"592","India",2050,"hydrogen",3.89487462894863,56.7545178879532,NA,NA,2.210517318
"593","India",2050,"hydrogen",13.29069843738,2.1603675484236,0.287127936,NA,NA
"594","India",2050,"refined liquids",3.80061257537382,1.40535074351888,NA,0.053411937086288,NA
"595","India",2050,"refined liquids",3.89487462894863,1.31613599840492,NA,NA,0.051261847084333
"596","India",2050,"refined liquids",13.29069843738,1.49994315971628,0.19935292209,NA,NA
"597","Japan",2015,"biomass",1.87340167,0,0,0,0
"598","Japan",2015,"coal",1.87340167,76.4042182155202,1.4313579,1.4313579,1.4313579
"599","Japan",2015,"electricity",1.87340167,13.8737305598751,0.2599107,0.2599107,0.2599107
"600","Japan",2015,"gas",1.87340167,5.30226067322765,0.09933264,0.09933264,0.09933264
"601","Japan",2015,"hydrogen",1.87340167,0,0,0,0
"602","Japan",2015,"refined liquids",1.87340167,4.41979055137706,0.08280043,0.08280043,0.08280043
"603","Japan",2020,"biomass",1.7641753524684,0.00679745354293788,NA,0.000119919,NA
"604","Japan",2020,"biomass",1.7641778271194,0.00679653706994952,NA,NA,0.000119903
"605","Japan",2020,"biomass",1.7689373085788,0.00702054275172566,0.000124189,NA,NA
"606","Japan",2020,"coal",1.7641753524684,76.4895081496254,NA,1.34940905,NA
"607","Japan",2020,"coal",1.7641778271194,76.4894683096293,NA,NA,1.34941024
"608","Japan",2020,"coal",1.7689373085788,76.6050262735829,1.35509489,NA,NA
"609","Japan",2020,"electricity",1.7641753524684,13.8908599917303,NA,0.24505912822,NA
"610","Japan",2020,"electricity",1.7641778271194,13.8908733531778,NA,NA,0.24505970769
"611","Japan",2020,"electricity",1.7689373085788,13.8315426190301,0.24467131774,NA,NA
"612","Japan",2020,"gas",1.7641753524684,5.2330801269288,NA,0.0923207097742,NA
"613","Japan",2020,"gas",1.7641778271194,5.23309547062183,NA,NA,0.0923211099647
"614","Japan",2020,"gas",1.7689373085788,5.20677518489328,0.0921045888194,NA,NA
"615","Japan",2020,"hydrogen",1.7641753524684,0,NA,0,NA
"616","Japan",2020,"hydrogen",1.7641778271194,0,NA,NA,0
"617","Japan",2020,"hydrogen",1.7689373085788,0,0,NA,NA
"618","Japan",2020,"refined liquids",1.7641753524684,4.37975427817253,NA,0.0772665454742,NA
"619","Japan",2020,"refined liquids",1.7641778271194,4.37976632950112,NA,NA,0.0772668664647
"620","Japan",2020,"refined liquids",1.7689373085788,4.34963537974203,0.0769423230194,NA,NA
"621","Japan",2025,"biomass",1.418577548957,0.744657146714804,NA,0.0105635391,NA
"622","Japan",2025,"biomass",1.6002459119616,0.0944356544643536,NA,NA,0.0015112027
"623","Japan",2025,"biomass",1.7457257626038,0.113495260392148,0.001981316,NA,NA
"624","Japan",2025,"coal",1.418577548957,71.7788887007731,NA,1.0182392,NA
"625","Japan",2025,"coal",1.6002459119616,75.9851320919468,NA,NA,1.21594897
"626","Japan",2025,"coal",1.7457257626038,76.6385978634172,1.337899747,NA,NA
"627","Japan",2025,"electricity",1.418577548957,15.2481182843362,NA,0.21630638262,NA
"628","Japan",2025,"electricity",1.6002459119616,14.1528186535017,NA,NA,0.22647990193
"629","Japan",2025,"electricity",1.7457257626038,13.7938623899802,0.2408030094,NA,NA
"630","Japan",2025,"gas",1.418577548957,6.13463478133319,NA,0.0870245517185,NA
"631","Japan",2025,"gas",1.6002459119616,5.06430842035138,NA,NA,0.0810413884658
"632","Japan",2025,"gas",1.7457257626038,5.09058793801332,0.0888677051019,NA,NA
"633","Japan",2025,"hydrogen",1.418577548957,0.856881388609123,NA,0.012155527,NA
"634","Japan",2025,"hydrogen",1.6002459119616,0.384212510967348,NA,NA,0.006148345
"635","Japan",2025,"hydrogen",1.7457257626038,0.0978824988783654,0.00170876,NA,NA
"636","Japan",2025,"refined liquids",1.418577548957,5.23681969823363,NA,0.0742883485185,NA
"637","Japan",2025,"refined liquids",1.6002459119616,4.31909266876843,NA,NA,0.0691161038658
"638","Japan",2025,"refined liquids",1.7457257626038,4.26557404931878,0.0744652251019,NA,NA
"639","Japan",2030,"biomass",1.1737510349462,2.67055888912905,NA,0.0313457126,NA
"640","Japan",2030,"biomass",1.4296474499528,0.306688526611561,NA,NA,0.0043845647
"641","Japan",2030,"biomass",1.6885482732652,0.340619080370033,0.0057515176,NA,NA
"642","Japan",2030,"coal",1.1737510349462,58.1739150527179,NA,0.68281693,NA
"643","Japan",2030,"coal",1.4296474499528,74.3903519734961,NA,NA,1.06351977
"644","Japan",2030,"coal",1.6885482732652,76.5397860672839,1.292411236,NA,NA
"645","Japan",2030,"electricity",1.1737510349462,19.5641181863175,NA,0.22963403969,NA
"646","Japan",2030,"electricity",1.4296474499528,14.935262298901,NA,NA,0.2135215966
"647","Japan",2030,"electricity",1.6885482732652,13.7740369880128,0.23258126372,NA,NA
"648","Japan",2030,"gas",1.1737510349462,7.44342145624643,NA,0.0873672363781,NA
"649","Japan",2030,"gas",1.4296474499528,4.7268295605767,NA,NA,0.0675769982764
"650","Japan",2030,"gas",1.6885482732652,4.91085700275839,0.0829221911226,NA,NA
"651","Japan",2030,"hydrogen",1.1737510349462,5.24168253473106,NA,0.061524303,NA
"652","Japan",2030,"hydrogen",1.4296474499528,1.3863647293362,NA,NA,0.019820128
"653","Japan",2030,"hydrogen",1.6885482732652,0.288344140175808,0.00486883,NA,NA
"654","Japan",2030,"refined liquids",1.1737510349462,6.90630388085797,NA,0.0810628132781,NA
"655","Japan",2030,"refined liquids",1.4296474499528,4.2545029110784,NA,NA,0.0608243923764
"656","Japan",2030,"refined liquids",1.6885482732652,4.1463567213991,0.0700132348226,NA,NA
"657","Japan",2035,"biomass",0.9529677812202,4.08039374114107,NA,0.0388848377,NA
"658","Japan",2035,"biomass",1.104878537594,2.14048746493892,NA,NA,0.0236497866
"659","Japan",2035,"biomass",1.6313205564924,0.609562103562343,0.0099439119,NA,NA
"660","Japan",2035,"coal",0.9529677812202,41.8745998410404,NA,0.399051445,NA
"661","Japan",2035,"coal",1.104878537594,63.5884338499269,NA,NA,0.702574958
"662","Japan",2035,"coal",1.6313205564924,76.2954196247081,1.244622864,NA,NA
"663","Japan",2035,"electricity",0.9529677812202,25.7123999710942,NA,0.245030887503,NA
"664","Japan",2035,"electricity",1.104878537594,18.5259262685773,NA,NA,0.204688983232
"665","Japan",2035,"electricity",1.6313205564924,13.7597825844013,0.224466161828,NA,NA
"666","Japan",2035,"gas",0.9529677812202,8.60077940291468,NA,0.0819626566436,NA
"667","Japan",2035,"gas",1.104878537594,5.65534603939974,NA,NA,0.062484704616
"668","Japan",2035,"gas",1.6313205564924,4.81749711388291,0.0785888207272,NA,NA
"669","Japan",2035,"hydrogen",0.9529677812202,10.8766874434393,NA,0.103651327,NA
"670","Japan",2035,"hydrogen",1.104878537594,4.50306909828693,NA,NA,0.049753444
"671","Japan",2035,"hydrogen",1.6313205564924,0.425898323437964,0.0069477669,NA,NA
"672","Japan",2035,"refined liquids",0.9529677812202,8.85513960037029,NA,0.0843866273736,NA
"673","Japan",2035,"refined liquids",1.104878537594,5.58673727887021,NA,NA,0.061726661146
"674","Japan",2035,"refined liquids",1.6313205564924,4.09184025000735,0.0667510311372,NA,NA
"675","Japan",2040,"biomass",0.807868939038,3.64810782737789,NA,0.02947193,NA
"676","Japan",2040,"biomass",0.904052481184,2.82683378807061,NA,NA,0.025556061
"677","Japan",2040,"biomass",1.5756284380678,0.77343126752296,0.012186403,NA,NA
"678","Japan",2040,"coal",0.807868939038,32.8869439288472,NA,0.265683405,NA
"679","Japan",2040,"coal",0.904052481184,50.4772092879331,NA,NA,0.456340463
"680","Japan",2040,"coal",1.5756284380678,75.971165185868,1.1970232834,NA,NA
"681","Japan",2040,"electricity",0.807868939038,30.7695793684064,NA,0.24857787439,NA
"682","Japan",2040,"electricity",0.904052481184,24.1123101497946,NA,NA,0.21798793818
"683","Japan",2040,"electricity",1.5756284380678,13.7800923462805,0.2171230538,NA,NA
"684","Japan",2040,"gas",0.807868939038,8.52871057043562,NA,0.068900803599,NA
"685","Japan",2040,"gas",0.904052481184,6.72305597097627,NA,NA,0.060779954317
"686","Japan",2040,"gas",1.5756284380678,4.85536340202867,0.0765024865339,NA,NA
"687","Japan",2040,"hydrogen",0.807868939038,14.3406742482212,NA,0.1158538529,NA
"688","Japan",2040,"hydrogen",0.904052481184,8.44799556326373,NA,NA,0.0763743135
"689","Japan",2040,"hydrogen",1.5756284380678,0.491118991828391,0.0077382105,NA,NA
"690","Japan",2040,"refined liquids",0.807868939038,9.82598405671172,NA,0.079381073149,NA
"691","Japan",2040,"refined liquids",0.904052481184,7.41259523996161,NA,NA,0.067013751187
"692","Japan",2040,"refined liquids",1.5756284380678,4.12882880647148,0.0650550008339,NA,NA
"693","Japan",2045,"biomass",0.594598234767,2.04175782741052,NA,0.012140256,NA
"694","Japan",2045,"biomass",0.673443456178,2.49547513541479,NA,NA,0.016805614
"695","Japan",2045,"biomass",1.520402187938,0.918306952644911,0.013961959,NA,NA
"696","Japan",2045,"coal",0.594598234767,11.6092406542461,NA,0.06902834,NA
"697","Japan",2045,"coal",0.673443456178,28.3328315465237,NA,NA,0.1908056
"698","Japan",2045,"coal",1.520402187938,75.7005425361131,1.150952705,NA,NA
"699","Japan",2045,"electricity",0.594598234767,44.9255983504015,NA,0.26712681475,NA
"700","Japan",2045,"electricity",0.673443456178,36.5743373909773,NA,NA,0.2463074818
"701","Japan",2045,"electricity",1.520402187938,13.7819036872199,0.2095403652,NA,NA
"702","Japan",2045,"gas",0.594598234767,6.24827981999618,NA,0.037152161513,NA
"703","Japan",2045,"gas",0.673443456178,6.88674702301088,NA,NA,0.04637834717
"704","Japan",2045,"gas",1.520402187938,4.82986744899334,0.073433410369,NA,NA
"705","Japan",2045,"hydrogen",0.594598234767,24.0638257286567,NA,0.143083083,NA
"706","Japan",2045,"hydrogen",0.673443456178,15.6918152564346,NA,NA,0.105675503
"707","Japan",2045,"hydrogen",1.520402187938,0.650366401630253,0.009888185,NA,NA
"708","Japan",2045,"refined liquids",0.594598234767,11.111297619289,NA,0.066067579504,NA
"709","Japan",2045,"refined liquids",0.673443456178,10.0187936476387,NA,NA,0.067470910208
"710","Japan",2045,"refined liquids",1.520402187938,4.11901297339844,0.062625563369,NA,NA
"711","Japan",2050,"biomass",0.47814543400712,0.0633069519169543,NA,NA,0.0003026993
"712","Japan",2050,"biomass",0.47860796100937,0.0566375033604368,NA,0.0002710716,NA
"713","Japan",2050,"biomass",1.465648857646,1.0023567325393,0.01469103,NA,NA
"714","Japan",2050,"coal",0.47814543400712,0.487223726153016,NA,NA,0.002329638
"715","Japan",2050,"coal",0.47860796100937,0.479948848981856,NA,0.0022970734,NA
"716","Japan",2050,"coal",1.465648857646,75.5846186636588,1.1078051,NA,NA
"717","Japan",2050,"electricity",0.47814543400712,51.8274951508394,NA,NA,0.247810801624
"718","Japan",2050,"electricity",0.47860796100937,52.2088833171557,NA,0.24987587191,NA
"719","Japan",2050,"electricity",1.465648857646,13.7598891950087,0.2016716588,NA,NA
"720","Japan",2050,"gas",0.47814543400712,0.810169204682255,NA,NA,0.00387378705992
"721","Japan",2050,"gas",0.47860796100937,0.812562877133977,NA,0.00388899061817,NA
"722","Japan",2050,"gas",1.465648857646,4.7911829533156,0.070221918223,NA,NA
"723","Japan",2050,"hydrogen",0.47814543400712,38.2743360040692,NA,NA,0.18300699
"724","Japan",2050,"hydrogen",0.47860796100937,37.7972459648364,NA,0.18090062823,NA
"725","Japan",2050,"hydrogen",1.465648857646,0.766268601200834,0.011230807,NA,NA
"726","Japan",2050,"refined liquids",0.47814543400712,8.53746896233922,NA,NA,0.0408215180232
"727","Japan",2050,"refined liquids",0.47860796100937,8.64472148853161,NA,0.0413743252512,NA
"728","Japan",2050,"refined liquids",1.465648857646,4.09568385427683,0.060028343623,NA,NA
"729","ROW",2015,"biomass",6.29429160919,0,NA,NA,0
"730","ROW",2015,"biomass",6.29429171919,0,NA,0,NA
"731","ROW",2015,"biomass",6.29429270919,0,0,NA,NA
"732","ROW",2015,"coal",6.29429160919,62.9859174686408,NA,NA,3.9645173182
"733","ROW",2015,"coal",6.29429171919,62.9859181155046,NA,3.9645174282,NA
"734","ROW",2015,"coal",6.29429270919,62.9859239372772,3.9645184182,NA,NA
"735","ROW",2015,"electricity",6.29429160919,13.7986639311706,NA,NA,0.868528146
"736","ROW",2015,"electricity",6.29429171919,13.7986636900231,NA,0.868528146,NA
"737","ROW",2015,"electricity",6.29429270919,13.7986615196955,0.868528146,NA,NA
"738","ROW",2015,"gas",6.29429160919,20.0684298904377,NA,NA,1.26316549869
"739","ROW",2015,"gas",6.29429171919,20.0684295397188,NA,1.26316549869,NA
"740","ROW",2015,"gas",6.29429270919,20.0684263832489,1.26316549869,NA,NA
"741","ROW",2015,"gas with CCS",6.29429270919,0,0,NA,NA
"742","ROW",2015,"hydrogen",6.29429160919,0,NA,NA,0
"743","ROW",2015,"hydrogen",6.29429171919,0,NA,0,NA
"744","ROW",2015,"hydrogen",6.29429270919,0,0,NA,NA
"745","ROW",2015,"refined liquids",6.29429160919,3.14698870975078,NA,NA,0.1980806463
"746","ROW",2015,"refined liquids",6.29429171919,3.14698865475353,NA,0.1980806463,NA
"747","ROW",2015,"refined liquids",6.29429270919,3.14698815977833,0.1980806463,NA,NA
"748","ROW",2020,"biomass",6.50981848706772,0.0669034416850814,NA,0.0043552926153,NA
"749","ROW",2020,"biomass",6.50982531824553,0.0668967515916953,NA,NA,0.0043548616722
"750","ROW",2020,"biomass",6.53562569803455,0.0565983675107406,0.0036990574517,NA,NA
"751","ROW",2020,"coal",6.50981848706772,64.2408351153693,NA,4.181961760587,NA
"752","ROW",2020,"coal",6.50982531824553,64.240741060531,NA,NA,4.181960026187
"753","ROW",2020,"coal",6.53562569803455,64.8112048199308,4.2358177574172,NA,NA
"754","ROW",2020,"electricity",6.50981848706772,14.2346198042723,NA,0.926647911582324,NA
"755","ROW",2020,"electricity",6.50982531824553,14.2346345743202,NA,NA,0.926649845478826
"756","ROW",2020,"electricity",6.53562569803455,14.0579164309513,0.918772798869474,NA,NA
"757","ROW",2020,"gas",6.50981848706772,18.1233893623159,NA,1.17979975119131,NA
"758","ROW",2020,"gas",6.50982531824553,18.1234631064023,NA,NA,1.17980578984346
"759","ROW",2020,"gas",6.53562569803455,17.7961334034683,1.16308866797359,NA,NA
"760","ROW",2020,"gas with CCS",6.53562569803455,0.0000000838312849165714,0.000000005478899,NA,NA
"761","ROW",2020,"hydrogen",6.50981848706772,0,NA,0,NA
"762","ROW",2020,"hydrogen",6.50982531824553,0,NA,NA,0
"763","ROW",2020,"hydrogen",6.53562569803455,0,0,NA,NA
"764","ROW",2020,"refined liquids",6.50981848706772,3.33425227635736,NA,0.217053771091788,NA
"765","ROW",2020,"refined liquids",6.50982531824553,3.33426450715487,NA,NA,0.217054795064042
"766","ROW",2020,"refined liquids",6.53562569803455,3.27814689430759,0.214247410843688,NA,NA
"767","ROW",2025,"biomass",5.63729969274395,3.81361617180151,NA,0.2149849727354,NA
"768","ROW",2025,"biomass",6.64415543647588,0.472683611329809,NA,NA,0.0314058338595
"769","ROW",2025,"biomass",7.05869806315164,0.542570437099447,0.038298408934772,NA,NA
"770","ROW",2025,"coal",5.63729969274395,54.8187743398808,NA,3.0902985974281,NA
"771","ROW",2025,"coal",6.64415543647588,62.9015677448498,NA,NA,4.179277932948
"772","ROW",2025,"coal",7.05869806315164,62.9771711562776,4.44536836063586,NA,NA
"773","ROW",2025,"electricity",5.63729969274395,16.7504509558665,NA,0.944273120268288,NA
"774","ROW",2025,"electricity",6.64415543647588,15.2012208689917,NA,NA,1.00999274277782
"775","ROW",2025,"electricity",7.05869806315164,14.9239652135865,1.05343764347686,NA,NA
"776","ROW",2025,"gas",5.63729969274395,17.9244698487339,NA,1.01045608370866,NA
"777","ROW",2025,"gas",6.64415543647588,16.4486440891011,NA,NA,1.09287348047258
"778","ROW",2025,"gas",7.05869806315164,17.1855897334094,1.21307888965335,NA,NA
"779","ROW",2025,"gas with CCS",7.05869806315164,0.000000881287093504394,0.000000062207395,NA,NA
"780","ROW",2025,"hydrogen",5.63729969274395,2.68118696730543,NA,0.1511465446698,NA
"781","ROW",2025,"hydrogen",6.64415543647588,1.40371629752944,NA,NA,0.093265092695
"782","ROW",2025,"hydrogen",7.05869806315164,0.426433357970554,0.0301006431797,NA,NA
"783","ROW",2025,"refined liquids",5.63729969274395,4.01150171641191,NA,0.226140373933707,NA
"784","ROW",2025,"refined liquids",6.64415543647588,3.57216738819809,NA,NA,0.237340353722982
"785","ROW",2025,"refined liquids",7.05869806315164,3.94426922036943,0.278414055063703,NA,NA
"786","ROW",2030,"biomass",5.07764582683516,7.34261219461799,NA,0.37283184168071,NA
"787","ROW",2030,"biomass",6.55291930426305,0.972532380458743,NA,NA,0.06372926209929
"788","ROW",2030,"biomass",7.56822697716102,1.20731386659815,0.091372253750887,NA,NA
"789","ROW",2030,"coal",5.07764582683516,40.5817454918266,NA,2.0605973064226,NA
"790","ROW",2030,"coal",6.55291930426305,60.1028635531843,NA,NA,3.9384921481915
"791","ROW",2030,"coal",7.56822697716102,60.4842203339116,4.57758308023661,NA,NA
"792","ROW",2030,"electricity",5.07764582683516,21.4128162877545,NA,1.08726697264304,NA
"793","ROW",2030,"electricity",6.55291930426305,16.6807408523215,NA,NA,1.09307548740587
"794","ROW",2030,"electricity",7.56822697716102,15.9788950147598,1.20931904315929,NA,NA
"795","ROW",2030,"gas",5.07764582683516,15.9545067895108,NA,0.810113348189726,NA
"796","ROW",2030,"gas",6.55291930426305,14.5205613610072,NA,NA,0.951520668512803
"797","ROW",2030,"gas",7.56822697716102,16.5776594134235,1.25463489190859,NA,NA
"798","ROW",2030,"gas with CCS",7.56822697716102,0.00000235091606709108,0.000000177922664,NA,NA
"799","ROW",2030,"hydrogen",5.07764582683516,10.0240939132739,NA,0.50898798626539,NA
"800","ROW",2030,"hydrogen",6.55291930426305,4.02753889205386,NA,NA,0.2639213735441
"801","ROW",2030,"hydrogen",7.56822697716102,1.25632674799406,0.095081659862976,NA,NA
"802","ROW",2030,"refined liquids",5.07764582683516,4.68422532301622,NA,0.237848371633689,NA
"803","ROW",2030,"refined liquids",6.55291930426305,3.69576296097436,NA,NA,0.242180364509493
"804","ROW",2030,"refined liquids",7.56822697716102,4.49558227239689,0.34023587032001,NA,NA
"805","ROW",2035,"biomass",4.58861311324383,8.51072087420891,NA,0.39052405406553,NA
"806","ROW",2035,"biomass",5.42442423700532,4.22348537098418,NA,NA,0.22909976411004
"807","ROW",2035,"biomass",8.03867014963107,1.6998830457047,0.136647990973703,NA,NA
"808","ROW",2035,"coal",4.58861311324383,28.1083708469133,NA,1.28978439060067,NA
"809","ROW",2035,"coal",5.42442423700532,48.2512045653175,NA,NA,2.6173500350881
"810","ROW",2035,"coal",8.03867014963107,57.4636063477743,4.61930977038004,NA,NA
"811","ROW",2035,"electricity",4.58861311324383,27.0686072184968,NA,1.24207366040041,NA
"812","ROW",2035,"electricity",5.42442423700532,20.9306385861572,NA,NA,1.1353666324275
"813","ROW",2035,"electricity",8.03867014963107,17.2936947324124,1.39018307622276,NA,NA
"814","ROW",2035,"gas",4.58861311324383,14.1263852253374,NA,0.648205164877172,NA
"815","ROW",2035,"gas",5.42442423700532,13.6200734595797,NA,NA,0.738810565839368
"816","ROW",2035,"gas",8.03867014963107,16.4934153550919,1.32585125680444,NA,NA
"817","ROW",2035,"gas with CCS",8.03867014963107,0.00000417851427845209,0.00000033589698,NA,NA
"818","ROW",2035,"hydrogen",4.58861311324383,16.8614034068217,NA,0.773704567802361,NA
"819","ROW",2035,"hydrogen",5.42442423700532,8.77175436947153,NA,NA,0.475817170028187
"820","ROW",2035,"hydrogen",8.03867014963107,1.98928433691524,0.159912006182892,NA,NA
"821","ROW",2035,"refined liquids",4.58861311324383,5.32451242822185,NA,0.244321275497685,NA
"822","ROW",2035,"refined liquids",5.42442423700532,4.20284364848996,NA,NA,0.227980069512128
"823","ROW",2035,"refined liquids",8.03867014963107,5.06011200358708,0.406765713170253,NA,NA
"824","ROW",2040,"biomass",4.45588626782733,6.2456490722275,NA,0.27829901934607,NA
"825","ROW",2040,"biomass",4.92417524123131,4.76861175992761,NA,NA,0.2348147996328
"826","ROW",2040,"biomass",8.6320125294155,1.91824782407927,0.165583392519763,NA,NA
"827","ROW",2040,"coal",4.45588626782733,21.7555310870698,NA,0.969401722201648,NA
"828","ROW",2040,"coal",4.92417524123131,36.0081712801921,NA,NA,1.77310545499938
"829","ROW",2040,"coal",8.6320125294155,54.1269247144407,4.67224292313781,NA,NA
"830","ROW",2040,"electricity",4.45588626782733,31.7302206134062,NA,1.41386254306408,NA
"831","ROW",2040,"electricity",4.92417524123131,26.3744430871509,NA,NA,1.29872379651013
"832","ROW",2040,"electricity",8.6320125294155,19.0863372498975,1.64753502281765,NA,NA
"833","ROW",2040,"gas",4.45588626782733,12.3130129815405,NA,0.548653854600261,NA
"834","ROW",2040,"gas",4.92417524123131,12.8193609291835,NA,NA,0.631247796958932
"835","ROW",2040,"gas",8.6320125294155,16.741284635478,1.44510978731958,NA,NA
"836","ROW",2040,"gas with CCS",8.6320125294155,0.0000059249050931884,0.00000051143855,NA,NA
"837","ROW",2040,"hydrogen",4.45588626782733,21.7177119279605,NA,0.967716543484291,NA
"838","ROW",2040,"hydrogen",4.92417524123131,14.5994137683086,NA,NA,0.718900718143968
"839","ROW",2040,"hydrogen",8.6320125294155,2.63025658318248,0.227044077816088,NA,NA
"840","ROW",2040,"refined liquids",4.45588626782733,6.23787431779547,NA,0.277952585130976,NA
"841","ROW",2040,"refined liquids",4.92417524123131,5.42999917523737,NA,NA,0.267382674986103
"842","ROW",2040,"refined liquids",8.6320125294155,5.49694306801691,0.474496814366057,NA,NA
"843","ROW",2045,"biomass",4.27139581082597,2.83828664412308,NA,0.121234456816306,NA
"844","ROW",2045,"biomass",4.41795662580328,3.64917933492244,NA,NA,0.16121916021465
"845","ROW",2045,"biomass",9.31888849113253,1.98879222698043,0.185333329952618,NA,NA
"846","ROW",2045,"coal",4.27139581082597,12.4098313790866,NA,0.53007301765687,NA
"847","ROW",2045,"coal",4.41795662580328,19.5903556586841,NA,NA,0.865493415841263
"848","ROW",2045,"coal",9.31888849113253,50.2266979844032,4.68056997794444,NA,NA
"849","ROW",2045,"electricity",4.27139581082597,39.8045456882816,NA,1.70020969704757,NA
"850","ROW",2045,"electricity",4.41795662580328,35.8208437829351,NA,NA,1.58254934132682
"851","ROW",2045,"electricity",9.31888849113253,21.6191047465795,2.01466026411488,NA,NA
"852","ROW",2045,"gas",4.27139581082597,8.85183342040078,NA,0.378096841900292,NA
"853","ROW",2045,"gas",4.41795662580328,10.6693001785572,NA,NA,0.471365054165409
"854","ROW",2045,"gas",9.31888849113253,17.0522678517731,1.58908182631597,NA,NA
"855","ROW",2045,"gas with CCS",9.31888849113253,0.00000775331962269452,0.00000072252321,NA,NA
"856","ROW",2045,"hydrogen",4.27139581082597,29.2349403880655,NA,1.2487400190333,NA
"857","ROW",2045,"hydrogen",4.41795662580328,23.1958298806619,NA,NA,1.02478170312276
"858","ROW",2045,"hydrogen",9.31888849113253,3.42193760585423,0.318886549725686,NA,NA
"859","ROW",2045,"refined liquids",4.27139581082597,6.86056248004251,NA,0.293041778371634,NA
"860","ROW",2045,"refined liquids",4.41795662580328,7.07449116423922,NA,NA,0.312547951132374
"861","ROW",2045,"refined liquids",9.31888849113253,5.69119183109001,0.530355820555722,NA,NA
"862","ROW",2050,"biomass",4.47042753560715,0.784664100187991,NA,NA,0.035077839996828
"863","ROW",2050,"biomass",4.51421637412921,0.524797117351268,NA,0.023690477402429,NA
"864","ROW",2050,"biomass",10.1100766590674,1.95042963992287,0.197189931777375,NA,NA
"865","ROW",2050,"coal",4.47042753560715,4.90196413526557,NA,NA,0.219138754488499
"866","ROW",2050,"coal",4.51421637412921,4.29318584667177,NA,0.193803698462255,NA
"867","ROW",2050,"coal",10.1100766590674,46.1779226776572,4.66862338227602,NA,NA
"868","ROW",2050,"electricity",4.47042753560715,44.4114205025741,NA,NA,1.98538037110135
"869","ROW",2050,"electricity",4.51421637412921,45.5364429665402,NA,2.05561356459157,NA
"870","ROW",2050,"electricity",10.1100766590674,24.7787080198284,2.50514637593114,NA,NA
"871","ROW",2050,"gas",4.47042753560715,4.37773165421071,NA,NA,0.195703321304826
"872","ROW",2050,"gas",4.51421637412921,4.15083020791304,NA,0.187377456907912,NA
"873","ROW",2050,"gas",10.1100766590674,17.1802146093137,1.73693286719391,NA,NA
"874","ROW",2050,"gas with CCS",10.1100766590674,0.00000931694913663383,0.0000009419507,NA,NA
"875","ROW",2050,"hydrogen",4.47042753560715,40.1381814993288,NA,NA,1.79434831803797
"876","ROW",2050,"hydrogen",4.51421637412921,40.1527877277271,NA,1.8125837182744,NA
"877","ROW",2050,"hydrogen",10.1100766590674,4.25932935392976,0.43062146284446,NA,NA
"878","ROW",2050,"refined liquids",4.47042753560715,5.38603810843282,NA,NA,0.240778930677675
"879","ROW",2050,"refined liquids",4.51421637412921,5.34195613379661,NA,0.241147458490646,NA
"880","ROW",2050,"refined liquids",10.1100766590674,5.65338638239897,0.571561697093814,NA,NA
"881","South Korea",2015,"biomass",1.11720447,0,0,0,0
"882","South Korea",2015,"coal",1.11720447,76.4056466762973,0.8536073,0.8536073,0.8536073
"883","South Korea",2015,"coal with CCS",1.11720447,0,NA,0,0
"884","South Korea",2015,"electricity",1.11720447,17.4941924462583,0.1954459,0.1954459,0.1954459
"885","South Korea",2015,"gas",1.11720447,5.72524562133197,0.0639627,0.0639627,0.0639627
"886","South Korea",2015,"gas with CCS",1.11720447,0,NA,0,0
"887","South Korea",2015,"hydrogen",1.11720447,0,0,0,0
"888","South Korea",2015,"refined liquids",1.11720447,0.374915256112429,0.00418857,0.00418857,0.00418857
"889","South Korea",2015,"refined liquids with CCS",1.11720447,0,NA,0,0
"890","South Korea",2020,"biomass",1.1398859208684,0.0100338110951372,NA,0.000114374,NA
"891","South Korea",2020,"biomass",1.1398867443808,0.0100324879259931,NA,NA,0.000114359
"892","South Korea",2020,"biomass",1.158304857926,0.0109661976405278,0.000127022,NA,NA
"893","South Korea",2020,"coal",1.1398859208684,76.0380301337248,NA,0.8667468,NA
"894","South Korea",2020,"coal",1.1398867443808,76.0379857273301,NA,NA,0.86674692
"895","South Korea",2020,"coal",1.158304857926,76.3010855002788,0.88379918,NA,NA
"896","South Korea",2020,"coal with CCS",1.1398859208684,0,NA,0,NA
"897","South Korea",2020,"coal with CCS",1.1398867443808,0,NA,NA,0
"898","South Korea",2020,"electricity",1.1398859208684,17.6172398793216,NA,0.20081643703,NA
"899","South Korea",2020,"electricity",1.1398867443808,17.6172622017011,NA,NA,0.20081683656
"900","South Korea",2020,"electricity",1.158304857926,17.5536819101375,0.20332515031,NA,NA
"901","South Korea",2020,"gas",1.1398859208684,5.94793960763618,NA,0.0677997261692,NA
"902","South Korea",2020,"gas",1.1398867443808,5.94796162817296,NA,NA,0.0678000261604
"903","South Korea",2020,"gas",1.158304857926,5.75702806145532,0.066683935708,NA,NA
"904","South Korea",2020,"gas with CCS",1.1398859208684,0,NA,0,NA
"905","South Korea",2020,"gas with CCS",1.1398867443808,0,NA,NA,0
"906","South Korea",2020,"hydrogen",1.1398859208684,0,NA,0,NA
"907","South Korea",2020,"hydrogen",1.1398867443808,0,NA,NA,0
"908","South Korea",2020,"hydrogen",1.158304857926,0,0,NA,NA
"909","South Korea",2020,"refined liquids",1.1398859208684,0.386756568222319,NA,0.0044085836692,NA
"910","South Korea",2020,"refined liquids",1.1398867443808,0.386757954869877,NA,NA,0.0044086026604
"911","South Korea",2020,"refined liquids",1.158304857926,0.377238330487875,0.004369569908,NA,NA
"912","South Korea",2020,"refined liquids with CCS",1.1398859208684,0,NA,0,NA
"913","South Korea",2020,"refined liquids with CCS",1.1398867443808,0,NA,NA,0
"914","South Korea",2025,"biomass",0.9521981140294,0.642200851892382,NA,0.0061150244,NA
"915","South Korea",2025,"biomass",1.0851221139946,0.104121018770946,NA,NA,0.0011298402
"916","South Korea",2025,"biomass",1.1509638044048,0.115825883915559,0.001333114,NA,NA
"917","South Korea",2025,"coal",0.9521981140294,68.9950365706895,NA,0.656969437,NA
"918","South Korea",2025,"coal",1.0851221139946,75.3100143717158,NA,NA,0.81720562
"919","South Korea",2025,"coal",1.1509638044048,76.3497804741509,0.878758338,NA,NA
"920","South Korea",2025,"coal with CCS",0.9521981140294,1.85579762652779,NA,0.01767087,NA
"921","South Korea",2025,"coal with CCS",1.0851221139946,0,NA,NA,0
"922","South Korea",2025,"electricity",0.9521981140294,19.5436733719737,NA,0.18609448926,NA
"923","South Korea",2025,"electricity",1.0851221139946,17.5648984369467,NA,NA,0.19060059724
"924","South Korea",2025,"electricity",1.1509638044048,17.5046656583773,0.20147236581,NA,NA
"925","South Korea",2025,"gas",0.9521981140294,6.62157713145326,NA,0.0630505325647,NA
"926","South Korea",2025,"gas",1.0851221139946,5.3863633662516,NA,NA,0.0584486200273
"927","South Korea",2025,"gas",1.1509638044048,5.35987070238946,0.0616901717474,NA,NA
"928","South Korea",2025,"gas with CCS",0.9521981140294,0.288451351618114,NA,0.00274662833,NA
"929","South Korea",2025,"gas with CCS",1.0851221139946,0,NA,NA,0
"930","South Korea",2025,"hydrogen",0.9521981140294,1.59817791862694,NA,0.01521782,NA
"931","South Korea",2025,"hydrogen",1.0851221139946,1.27705258433881,NA,NA,0.01385758
"932","South Korea",2025,"hydrogen",1.1509638044048,0.311824480167383,0.0035889869,NA,NA
"933","South Korea",2025,"refined liquids",0.9521981140294,0.439706304078095,NA,0.0041868751347,NA
"934","South Korea",2025,"refined liquids",1.0851221139946,0.357550221976151,NA,NA,0.0038798565273
"935","South Korea",2025,"refined liquids",1.1509638044048,0.358032800999421,0.0041208279474,NA,NA
"936","South Korea",2025,"refined liquids with CCS",0.9521981140294,0.0153788731402044,NA,0.00014643734,NA
"937","South Korea",2025,"refined liquids with CCS",1.0851221139946,0,NA,NA,0
"938","South Korea",2030,"biomass",0.813385774061,1.83960432763579,NA,0.0149630799,NA
"939","South Korea",2030,"biomass",1.0083668225588,0.311771929586336,NA,NA,0.0031438047
"940","South Korea",2030,"biomass",1.1329288047596,0.34441768834962,0.0039020072,NA,NA
"941","South Korea",2030,"coal",0.813385774061,49.3290354706781,NA,0.401235357,NA
"942","South Korea",2030,"coal",1.0083668225588,73.7271474396063,NA,NA,0.743440094
"943","South Korea",2030,"coal",1.1329288047596,76.6591850565834,0.868493989,NA,NA
"944","South Korea",2030,"coal with CCS",0.813385774061,9.93856526361346,NA,0.080838876,NA
"945","South Korea",2030,"coal with CCS",1.0083668225588,0,NA,NA,0
"946","South Korea",2030,"electricity",0.813385774061,23.3481667673914,NA,0.18991066699,NA
"947","South Korea",2030,"electricity",1.0083668225588,17.4726936525846,NA,NA,0.1761888458
"948","South Korea",2030,"electricity",1.1329288047596,17.3843807794958,0.19695265738,NA,NA
"949","South Korea",2030,"gas",0.813385774061,7.11350834630663,NA,0.0578602649255,NA
"950","South Korea",2030,"gas",1.0083668225588,4.37087468948632,NA,NA,0.0440744502244
"951","South Korea",2030,"gas",1.1329288047596,4.55027112720811,0.0515513322948,NA,NA
"952","South Korea",2030,"gas with CCS",0.813385774061,1.29486836208302,NA,0.01053227505,NA
"953","South Korea",2030,"gas with CCS",1.0083668225588,0,NA,NA,0
"954","South Korea",2030,"hydrogen",0.813385774061,6.5690337480617,NA,0.053431586,NA
"955","South Korea",2030,"hydrogen",1.0083668225588,3.81260729130724,NA,NA,0.038445067
"956","South Korea",2030,"hydrogen",1.1329288047596,0.742332030456633,0.0084100934,NA,NA
"957","South Korea",2030,"refined liquids",0.813385774061,0.498079906816291,NA,0.0040513111055,NA
"958","South Korea",2030,"refined liquids",1.0083668225588,0.304904997429218,NA,NA,0.0030745608344
"959","South Korea",2030,"refined liquids",1.1329288047596,0.319413317906404,0.0036187254848,NA,NA
"960","South Korea",2030,"refined liquids with CCS",0.813385774061,0.0691378074136106,NA,0.00056235709,NA
"961","South Korea",2030,"refined liquids with CCS",1.0083668225588,0,NA,NA,0
"962","South Korea",2035,"biomass",0.6974643942498,2.42734826889765,NA,0.0169298899,NA
"963","South Korea",2035,"biomass",0.7953048637042,1.45315408309868,NA,NA,0.0115570051
"964","South Korea",2035,"biomass",1.0963246639552,0.615740676274328,0.0067505169,NA,NA
"965","South Korea",2035,"coal",0.6974643942498,27.2195016068456,NA,0.189846332,NA
"966","South Korea",2035,"coal",0.7953048637042,58.6894896915409,NA,NA,0.466760366
"967","South Korea",2035,"coal",1.0963246639552,76.9109477075904,0.843193689,NA,NA
"968","South Korea",2035,"coal with CCS",0.6974643942498,20.0128223248064,NA,0.13958231,NA
"969","South Korea",2035,"coal with CCS",0.7953048637042,4.79268664628421,NA,NA,0.03811647
"970","South Korea",2035,"electricity",0.6974643942498,26.5176272649639,NA,0.184951008373,NA
"971","South Korea",2035,"electricity",0.7953048637042,20.0483850646113,NA,NA,0.159445781513
"972","South Korea",2035,"electricity",1.0963246639552,17.2884234993135,0.189537250832,NA,NA
"973","South Korea",2035,"gas",0.6974643942498,7.5365553730437,NA,0.0525647902799,NA
"974","South Korea",2035,"gas",0.7953048637042,5.01149002031301,NA,NA,0.0398566238756
"975","South Korea",2035,"gas",1.0963246639552,3.95086994534404,0.0433143616516,NA,NA
"976","South Korea",2035,"gas with CCS",0.6974643942498,3.08567746503372,NA,0.02152150164,NA
"977","South Korea",2035,"gas with CCS",0.7953048637042,1.09581440372549,NA,NA,0.00871506525
"978","South Korea",2035,"hydrogen",0.6974643942498,12.5014947026488,NA,0.0871934743,NA
"979","South Korea",2035,"hydrogen",0.7953048637042,8.49788943641325,NA,NA,0.067584128
"980","South Korea",2035,"hydrogen",1.0963246639552,0.942172345437819,0.0103292678,NA,NA
"981","South Korea",2035,"refined liquids",0.6974643942498,0.53444898702097,NA,0.0037275913899,NA
"982","South Korea",2035,"refined liquids",0.7953048637042,0.352809384634118,NA,NA,0.0028059101956
"983","South Korea",2035,"refined liquids",1.0963246639552,0.291845826039972,0.0031995777716,NA,NA
"984","South Korea",2035,"refined liquids with CCS",0.6974643942498,0.164524006739335,NA,0.001147496367,NA
"985","South Korea",2035,"refined liquids with CCS",0.7953048637042,0.0582812693790335,NA,NA,0.00046351377
"986","South Korea",2040,"biomass",0.6096846537304,1.93860874268069,NA,0.0118194,NA
"987","South Korea",2040,"biomass",0.658117171859,1.68653873118783,NA,NA,0.011099401
"988","South Korea",2040,"biomass",1.0437725234592,0.783342521117783,0.008176314,NA,NA
"989","South Korea",2040,"coal",0.6096846537304,17.3789268356513,NA,0.1059566499,NA
"990","South Korea",2040,"coal",0.658117171859,41.1337987482264,NA,NA,0.270708593
"991","South Korea",2040,"coal",1.0437725234592,76.9601503724005,0.8032889036,NA,NA
"992","South Korea",2040,"coal with CCS",0.6096846537304,23.4144796209887,NA,0.142754489,NA
"993","South Korea",2040,"coal with CCS",0.658117171859,10.3352933046659,NA,NA,0.06801834
"994","South Korea",2040,"electricity",0.6096846537304,28.3761956941928,NA,0.17300531046,NA
"995","South Korea",2040,"electricity",0.658117171859,23.9788228370084,NA,NA,0.1578087507
"996","South Korea",2040,"electricity",1.0437725234592,17.2359127871823,0.17990372184,NA,NA
"997","South Korea",2040,"gas",0.6096846537304,7.35082056592453,NA,0.0448168249137,NA
"998","South Korea",2040,"gas",0.658117171859,6.21250791975378,NA,NA,0.040885581423
"999","South Korea",2040,"gas",1.0437725234592,3.75019181860367,0.0391434717796,NA,NA
"1000","South Korea",2040,"gas with CCS",0.6096846537304,4.72055669449843,NA,0.028780509737,NA
"1001","South Korea",2040,"gas with CCS",0.658117171859,3.0170469407314,NA,NA,0.019855704
"1002","South Korea",2040,"hydrogen",0.6096846537304,16.0391053312031,NA,0.0977879638,NA
"1003","South Korea",2040,"hydrogen",0.658117171859,13.0379968596813,NA,NA,0.0858052962
"1004","South Korea",2040,"hydrogen",1.0437725234592,0.98736124666754,0.0103058054,NA,NA
"1005","South Korea",2040,"refined liquids",0.6096846537304,0.53006735398806,NA,0.0032317393117,NA
"1006","South Korea",2040,"refined liquids",0.658117171859,0.437712700591434,NA,NA,0.002880662446
"1007","South Korea",2040,"refined liquids",1.0437725234592,0.283041254028132,0.0029543068396,NA,NA
"1008","South Korea",2040,"refined liquids with CCS",0.6096846537304,0.251239160872391,NA,0.001531766608,NA
"1009","South Korea",2040,"refined liquids with CCS",0.658117171859,0.160281958153494,NA,NA,0.00105484309
"1010","South Korea",2045,"biomass",0.5040039604522,1.05177084228542,NA,0.0053009667,NA
"1011","South Korea",2045,"biomass",0.5202128126955,1.33055063833107,NA,NA,0.0069216949
"1012","South Korea",2045,"biomass",0.978847673578,0.917238120123555,0.008978364,NA,NA
"1013","South Korea",2045,"coal",0.5040039604522,8.10715333731494,NA,0.0408603739,NA
"1014","South Korea",2045,"coal",0.5202128126955,20.8116667559612,NA,NA,0.108264957
"1015","South Korea",2045,"coal",0.978847673578,76.7171687965565,0.750944222,NA,NA
"1016","South Korea",2045,"coal with CCS",0.5040039604522,20.3530704218997,NA,0.102580281,NA
"1017","South Korea",2045,"coal with CCS",0.5202128126955,12.6597112552375,NA,NA,0.06585744
"1018","South Korea",2045,"electricity",0.5040039604522,32.6175766580293,NA,0.16439387816,NA
"1019","South Korea",2045,"electricity",0.5202128126955,30.4988646930673,NA,NA,0.15865900186
"1020","South Korea",2045,"electricity",0.978847673578,17.2199060640224,0.1685566499,NA,NA
"1021","South Korea",2045,"gas",0.5040039604522,5.95888706476709,NA,0.0300330268053,NA
"1022","South Korea",2045,"gas",0.5202128126955,6.87556435883791,NA,NA,0.0357675667398
"1023","South Korea",2045,"gas",0.978847673578,3.64632443662399,0.035691961919,NA,NA
"1024","South Korea",2045,"gas with CCS",0.5040039604522,7.74281751178839,NA,0.03902410691,NA
"1025","South Korea",2045,"gas with CCS",0.5202128126955,6.55244653882683,NA,NA,0.03408666644
"1026","South Korea",2045,"hydrogen",0.5040039604522,23.2738473274606,NA,0.11730111228,NA
"1027","South Korea",2045,"hydrogen",0.5202128126955,20.4101380644288,NA,NA,0.1061761533
"1028","South Korea",2045,"hydrogen",0.978847673578,1.22063611351556,0.0119481682,NA,NA
"1029","South Korea",2045,"refined liquids",0.5040039604522,0.483924005222438,NA,0.0024389961519,NA
"1030","South Korea",2045,"refined liquids",0.5202128126955,0.513572681121914,NA,NA,0.0026716708897
"1031","South Korea",2045,"refined liquids",0.978847673578,0.278726469158083,0.002728307559,NA,NA
"1032","South Korea",2045,"refined liquids with CCS",0.5040039604522,0.410952831232055,NA,0.002071218545,NA
"1033","South Korea",2045,"refined liquids with CCS",0.5202128126955,0.347485014187471,NA,NA,0.001807661566
"1034","South Korea",2050,"biomass",0.407663621172357,0.0460896879784525,NA,NA,0.000187890891
"1035","South Korea",2050,"biomass",0.412768576552553,0.0379194192317768,NA,0.000156519447,NA
"1036","South Korea",2050,"biomass",0.9059625049,1.00509181679711,0.009105755,NA,NA
"1037","South Korea",2050,"coal",0.407663621172357,1.59871135968851,NA,NA,0.006517364621
"1038","South Korea",2050,"coal",0.412768576552553,1.21482223813653,NA,0.00501440446,NA
"1039","South Korea",2050,"coal",0.9059625049,76.5848441019736,0.693829972,NA,NA
"1040","South Korea",2050,"coal with CCS",0.407663621172357,12.3472307524636,NA,NA,0.050335168
"1041","South Korea",2050,"coal with CCS",0.412768576552553,14.6060634032601,NA,0.06028924,NA
"1042","South Korea",2050,"electricity",0.407663621172357,37.8218446318273,NA,NA,0.15418590142029
"1043","South Korea",2050,"electricity",0.412768576552553,37.0689848454244,NA,0.15300912108894,NA
"1044","South Korea",2050,"electricity",0.9059625049,17.1621401723642,0.155482555,NA,NA
"1045","South Korea",2050,"gas",0.407663621172357,3.82062703239097,NA,NA,0.015575306511735
"1046","South Korea",2050,"gas",0.412768576552553,2.89690627475626,NA,0.011957518794373,NA
"1047","South Korea",2050,"gas",0.9059625049,3.58350519799752,0.032465213455,NA,NA
"1048","South Korea",2050,"gas with CCS",0.407663621172357,10.1347269646442,NA,NA,0.04131559494
"1049","South Korea",2050,"gas with CCS",0.412768576552553,10.2262473884384,NA,0.04221073578,NA
"1050","South Korea",2050,"hydrogen",0.407663621172357,33.2786529619335,NA,NA,0.135664961742
"1051","South Korea",2050,"hydrogen",0.412768576552553,33.0448284993502,NA,0.136398668221,NA
"1052","South Korea",2050,"hydrogen",0.9059625049,1.38865669737498,0.012580709,NA,NA
"1053","South Korea",2050,"refined liquids",0.407663621172357,0.415115747504122,NA,NA,0.001692275888332
"1054","South Korea",2050,"refined liquids",0.412768576552553,0.362241714407645,NA,0.00149521996824,NA
"1055","South Korea",2050,"refined liquids",0.9059625049,0.275762013492574,0.002498300445,NA,NA
"1056","South Korea",2050,"refined liquids with CCS",0.407663621172357,0.53700086156926,NA,NA,0.002189157158
"1057","South Korea",2050,"refined liquids with CCS",0.412768576552553,0.541986216994687,NA,0.002237148793,NA
"1058","US",2015,"biomass",1.09539387,0,0,0,0
"1059","US",2015,"coal",1.09539387,45.976010437232,0.5036184,0.5036184,0.5036184
"1060","US",2015,"electricity",1.09539387,17.7162119777062,0.1940623,0.1940623,0.1940623
"1061","US",2015,"gas",1.09539387,35.5547835957855,0.38946492,0.38946492,0.38946492
"1062","US",2015,"hydrogen",1.09539387,0,0,0,0
"1063","US",2015,"refined liquids",1.09539387,0.752993989276204,0.00824825,0.00824825,0.00824825
"1064","US",2020,"biomass",1.2051050089246,0.00342453144700041,NA,0.0000412692,NA
"1065","US",2020,"biomass",1.2051052188558,0.00342460553271725,NA,NA,0.0000412701
"1066","US",2020,"biomass",1.213674632936,0.00386630804719756,0.0000469244,NA,NA
"1067","US",2020,"coal",1.2051050089246,46.1783700074902,NA,0.55649785,NA
"1068","US",2020,"coal",1.2051052188558,46.1783627929495,NA,NA,0.55649786
"1069","US",2020,"coal",1.213674632936,47.331718436789,0.57445306,NA,NA
"1070","US",2020,"electricity",1.2051050089246,18.1989243099828,NA,0.21931614843,NA
"1071","US",2020,"electricity",1.2051052188558,18.1989377382526,NA,NA,0.21931634846
"1072","US",2020,"electricity",1.213674632936,17.9627411897548,0.2180092332,NA,NA
"1073","US",2020,"gas",1.2051050089246,34.8611308961529,NA,0.4201132345973,NA
"1074","US",2020,"gas",1.2051052188558,34.8611247403593,NA,NA,0.4201132335979
"1075","US",2020,"gas",1.213674632936,33.9612604385491,0.412179202968,NA,NA
"1076","US",2020,"hydrogen",1.2051050089246,0,NA,0,NA
"1077","US",2020,"hydrogen",1.2051052188558,0,NA,NA,0
"1078","US",2020,"hydrogen",1.213674632936,0,0,NA,NA
"1079","US",2020,"refined liquids",1.2051050089246,0.758150254927008,NA,0.0091365066973,NA
"1080","US",2020,"refined liquids",1.2051052188558,0.758150122905845,NA,NA,0.0091365066979
"1081","US",2020,"refined liquids",1.213674632936,0.740413626859899,0.008986212368,NA,NA
"1082","US",2025,"biomass",0.9373171616728,0.165090618552035,NA,0.0015474227,NA
"1083","US",2025,"biomass",1.1092632786224,0.0239864516501833,NA,NA,0.0002660729
"1084","US",2025,"biomass",1.2428245243916,0.0336444680478681,0.0004181417,NA,NA
"1085","US",2025,"coal",0.9373171616728,43.5460056307475,NA,0.408164184,NA
"1086","US",2025,"coal",1.1092632786224,45.7219040577873,NA,NA,0.507176292
"1087","US",2025,"coal",1.2428245243916,49.1750861851701,0.611160031,NA,NA
"1088","US",2025,"electricity",0.9373171616728,22.977615897444,NA,0.21537313715,NA
"1089","US",2025,"electricity",1.1092632786224,19.4112128427625,NA,NA,0.215321456
"1090","US",2025,"electricity",1.2428245243916,18.2973405381843,0.22740383552,NA,NA
"1091","US",2025,"gas",0.9373171616728,29.2420419991286,NA,0.2740906780814,NA
"1092","US",2025,"gas",1.1092632786224,32.8436333494834,NA,NA,0.3643223641112
"1093","US",2025,"gas",1.2428245243916,31.4769656864718,0.3912034490858,NA,NA
"1094","US",2025,"hydrogen",0.9373171616728,3.2554673964939,NA,0.0305140546,NA
"1095","US",2025,"hydrogen",1.1092632786224,1.23564031769105,NA,NA,0.0137065043
"1096","US",2025,"hydrogen",1.2428245243916,0.298511569991439,0.003709975,NA,NA
"1097","US",2025,"refined liquids",0.9373171616728,0.813778457634032,NA,0.0076276851414,NA
"1098","US",2025,"refined liquids",1.1092632786224,0.763622980625454,NA,NA,0.0084705893112
"1099","US",2025,"refined liquids",1.2428245243916,0.718451552134527,0.0089290920858,NA,NA
"1100","US",2030,"biomass",0.7344140651876,0.457929424205802,NA,0.0033630981,NA
"1101","US",2030,"biomass",0.9987937234896,0.0672300280035742,NA,NA,0.0006714893
"1102","US",2030,"biomass",1.2491837074838,0.0945786670865079,0.0011814613,NA,NA
"1103","US",2030,"coal",0.7344140651876,30.6929805248787,NA,0.225413566,NA
"1104","US",2030,"coal",0.9987937234896,42.3558816050575,NA,NA,0.423047887
"1105","US",2030,"coal",1.2491837074838,50.6311289693315,0.632475814,NA,NA
"1106","US",2030,"electricity",0.7344140651876,31.192788684607,NA,0.229084227424,NA
"1107","US",2030,"electricity",0.9987937234896,21.9667377963138,NA,NA,0.219402398365
"1108","US",2030,"electricity",1.2491837074838,18.7628386322866,0.234382323256,NA,NA
"1109","US",2030,"gas",0.7344140651876,22.332463151411,NA,0.1640127504868,NA
"1110","US",2030,"gas",0.9987937234896,30.6158599394206,NA,NA,0.3057892874673
"1111","US",2030,"gas",1.2491837074838,29.062426036613,0.3630430910489,NA,NA
"1112","US",2030,"hydrogen",0.7344140651876,14.3992110190574,NA,0.105749831,NA
"1113","US",2030,"hydrogen",0.9987937234896,4.19530639956372,NA,NA,0.041902457
"1114","US",2030,"hydrogen",1.2491837074838,0.74833321504245,0.0093480566,NA,NA
"1115","US",2030,"refined liquids",0.7344140651876,0.924627195840183,NA,0.0067905921768,NA
"1116","US",2030,"refined liquids",0.9987937234896,0.798984231640808,NA,NA,0.0079802043573
"1117","US",2030,"refined liquids",1.2491837074838,0.700694479639898,0.0087529612789,NA,NA
"1118","US",2035,"biomass",0.58631257139352,0.646871009602561,NA,0.00379268605,NA
"1119","US",2035,"biomass",0.75169394021906,0.348216448204597,NA,NA,0.00261752194
"1120","US",2035,"biomass",1.24922989243032,0.169082648662109,0.00211223099,NA,NA
"1121","US",2035,"coal",0.58631257139352,14.4639896426647,NA,0.0848041896,NA
"1122","US",2035,"coal",0.75169394021906,31.9054101899648,NA,NA,0.239831035
"1123","US",2035,"coal",1.24922989243032,51.5201890540655,0.6436056023,NA,NA
"1124","US",2035,"electricity",0.58631257139352,40.1346266998362,NA,0.235314361823,NA
"1125","US",2035,"electricity",0.75169394021906,29.292809325805,NA,NA,0.220192272622
"1126","US",2035,"electricity",1.24922989243032,19.173845237726,0.239525406238,NA,NA
"1127","US",2035,"gas",0.58631257139352,14.5227837453463,NA,0.08514890681526,NA
"1128","US",2035,"gas",0.75169394021906,24.1724586353028,NA,NA,0.18170290676353
"1129","US",2035,"gas",1.24922989243032,27.5020175227934,0.34356342391616,NA,NA
"1130","US",2035,"hydrogen",0.58631257139352,29.1990043967684,NA,0.1711974335,NA
"1131","US",2035,"hydrogen",0.75169394021906,13.3838258255323,NA,NA,0.1006054077
"1132","US",2035,"hydrogen",1.24922989243032,0.941900379689827,0.0117665011,NA,NA
"1133","US",2035,"refined liquids",0.58631257139352,1.03272450578175,NA,0.00605499360526,NA
"1134","US",2035,"refined liquids",0.75169394021906,0.897279575190458,NA,NA,0.00674479619353
"1135","US",2035,"refined liquids",1.24922989243032,0.692965157063183,0.00865672788616,NA,NA
"1136","US",2040,"biomass",0.5167751387644,0.524740607004372,NA,0.002711729,NA
"1137","US",2040,"biomass",0.5998260494508,0.435374922844895,NA,NA,0.0026114922
"1138","US",2040,"biomass",1.2524196924228,0.222810637431111,0.0027905243,NA,NA
"1139","US",2040,"coal",0.5167751387644,6.79936888682629,NA,0.035137448,NA
"1140","US",2040,"coal",0.5998260494508,20.6300622677692,NA,NA,0.1237444875
"1141","US",2040,"coal",1.2524196924228,51.7849933791246,0.6485654548,NA,NA
"1142","US",2040,"electricity",0.5167751387644,44.658070885878,NA,0.23078180779,NA
"1143","US",2040,"electricity",0.5998260494508,36.9377161233431,NA,NA,0.22156204338
"1144","US",2040,"electricity",1.2524196924228,19.4107880009229,0.243104531378,NA,NA
"1145","US",2040,"gas",0.5167751387644,7.17718446651309,NA,0.0370899049862,NA
"1146","US",2040,"gas",0.5998260494508,15.7979342380449,NA,NA,0.0947601248349
"1147","US",2040,"gas",1.2524196924228,26.8772987668548,0.3366165825474,NA,NA
"1148","US",2040,"hydrogen",0.5167751387644,39.8058350565859,NA,0.20570665935,NA
"1149","US",2040,"hydrogen",0.5998260494508,25.2274189056226,NA,NA,0.1513206302
"1150","US",2040,"hydrogen",1.2524196924228,1.01193068000096,0.01267361911,NA,NA
"1151","US",2040,"refined liquids",0.5167751387644,1.03480009719237,NA,0.0053475896382,NA
"1152","US",2040,"refined liquids",0.5998260494508,0.971493542375401,NA,NA,0.0058272713359
"1153","US",2040,"refined liquids",1.2524196924228,0.69217853566562,0.0086689802874,NA,NA
"1154","US",2045,"biomass",0.46945114997234,0.15215421243341,NA,0.0007142897,NA
"1155","US",2045,"biomass",0.4886199962824,0.327890285332088,NA,NA,0.0016021375
"1156","US",2045,"biomass",1.250053197022,0.26862704787282,0.003357981,NA,NA
"1157","US",2045,"coal",0.46945114997234,0.726569676142229,NA,0.0034108897,NA
"1158","US",2045,"coal",0.4886199962824,7.17296022812451,NA,NA,0.035048518
"1159","US",2045,"coal",1.250053197022,51.866414768954,0.648357776,NA,NA
"1160","US",2045,"electricity",0.46945114997234,46.9672645596866,NA,0.220488363586,NA
"1161","US",2045,"electricity",0.4886199962824,44.6181467845615,NA,NA,0.21801318716
"1162","US",2045,"electricity",1.250053197022,19.6248541609612,0.24532111685,NA,NA
"1163","US",2045,"gas",0.46945114997234,0.633869431468073,NA,0.00297570733535,NA
"1164","US",2045,"gas",0.4886199962824,4.0175264615766,NA,NA,0.0196304376472
"1165","US",2045,"gas",1.250053197022,26.3471312437437,0.329353156436,NA,NA
"1166","US",2045,"hydrogen",0.46945114997234,50.5379329657577,NA,0.23725090748,NA
"1167","US",2045,"hydrogen",0.4886199962824,42.8793505779712,NA,NA,0.2095170812
"1168","US",2045,"hydrogen",1.250053197022,1.20145281303062,0.0150187993,NA,NA
"1169","US",2045,"refined liquids",0.46945114997234,0.982209154511961,NA,0.00461099217099,NA
"1170","US",2045,"refined liquids",0.4886199962824,0.984125662434173,NA,NA,0.0048086347752
"1171","US",2045,"refined liquids",1.250053197022,0.691519965437748,0.008644367436,NA,NA
"1172","US",2050,"biomass",0.448845503848707,0.000881989897649591,NA,NA,0.000003958772
"1173","US",2050,"biomass",0.456722895412719,0.000838350986661172,NA,0.0000038289409,NA
"1174","US",2050,"biomass",1.23875728748,0.305371765577692,0.003782815,NA,NA
"1175","US",2050,"coal",0.448845503848707,0.00515276142941955,NA,NA,0.000023127938
"1176","US",2050,"coal",0.456722895412719,0.00532144110665558,NA,0.0000243042399,NA
"1177","US",2050,"coal",1.23875728748,52.4089646585011,0.649219869,NA,NA
"1178","US",2050,"electricity",0.448845503848707,45.6946286308268,NA,NA,0.20509828610983
"1179","US",2050,"electricity",0.456722895412719,44.9024160668975,NA,0.205079614771,NA
"1180","US",2050,"electricity",1.23875728748,19.8463872039154,0.24584856779,NA,NA
"1181","US",2050,"gas",0.448845503848707,0.00902379533039778,NA,NA,0.000040502899617
"1182","US",2050,"gas",0.456722895412719,0.0117248231872872,NA,0.000053549951943,NA
"1183","US",2050,"gas",1.23875728748,25.380949434784,0.314408360755,NA,NA
"1184","US",2050,"hydrogen",0.448845503848707,53.3618700667285,NA,NA,0.2395123545641
"1185","US",2050,"hydrogen",0.456722895412719,54.1764055699033,NA,0.2474360481494,NA
"1186","US",2050,"hydrogen",1.23875728748,1.37255730980105,0.0170026537,NA,NA
"1187","US",2050,"refined liquids",0.448845503848707,0.928442755787227,NA,NA,0.00416727356516
"1188","US",2050,"refined liquids",0.456722895412719,0.903293747918622,NA,0.004125549359576,NA
"1189","US",2050,"refined liquids",1.23875728748,0.685769627420832,0.008495021235,NA,NA
